pdc,-4.00,0,14
pdc,-4.00,0,18
pdc,-4.00,0,40
pdc,-4.00,0,41
pdc,-4.00,0,47
pdc,-4.00,0,51
pdc,-4.00,0,60
pdc,-4.00,0,64
pdc,-4.00,0,2
pdc,-4.00,0,4
pdc,-4.00,0,5
pdc,-4.00,0,6
pdc,-4.00,0,7
pdc,-4.00,0,8
pdc,-4.00,0,9
pdc,-4.00,0,10
pdc,-4.00,0,11
pdc,-4.00,0,12
pdc,-4.00,0,13
pdc,-4.00,0,14
pdc,-4.00,0,16
pdc,-4.00,0,24
pdc,-4.00,0,25
pdc,-4.00,0,61
pdc,-4.00,0,62
pdc,-4.00,0,67
pdc,-4.00,0,68
pdc,-4.00,0,70
pdc,-4.00,0,75
pdc,-4.00,0,78
pdc,-4.00,0,79
pdc,-4.00,0,80
pdc,-4.00,0,81
pdc,-4.00,0,82
pdc,-4.00,0,83
pdc,-4.00,0,84
pdc,-4.00,0,85
pdc,-4.00,0,99
pdc,-4.00,0,123
pdc,-4.00,0,125
pdc,-4.00,0,126
pdc,-4.00,0,127
pdc,-4.00,0,128
pdc,-4.00,0,173
pdc,-4.00,0,48
pdc,-4.00,0,49
pdc,-4.00,0,50
pdc,-4.00,0,51
pdc,-4.00,0,52
pdc,-4.00,0,55
pdc,-4.00,0,56
pdc,-4.00,0,61
pdc,-4.00,0,62
pdc,-4.00,0,150
pdc,-4.00,0,151
pdc,-4.00,0,155
pdc,-4.00,0,183
pdc,-4.00,0,187
pdc,-4.00,0,200
pdc,-4.00,0,614
pdc,-4.00,0,615
pdc,-4.00,0,616
pdc,-4.00,0,617
pdc,-4.00,0,618
pdc,-4.00,0,619
pdc,-4.00,0,620
pdc,-4.00,0,622
pdc,-4.00,0,623
pdc,-4.00,0,624
pdc,-4.00,0,625
pdc,-4.00,0,626
pdc,-4.00,0,627
pdc,-4.00,0,628
pdc,-4.00,0,629
pdc,-4.00,0,631
pdc,-4.00,0,632
pdc,-4.00,0,634
pdc,-4.00,0,635
pdc,-4.00,0,679
pdc,-4.00,0,713
pdc,-4.00,0,714
pdc,-4.00,0,730
pdc,-4.00,0,734
pdc,-4.00,0,739
pdc,-4.00,0,741
pdc,-4.00,0,787
pdc,-4.00,0,788
pdc,-4.00,0,790
pdc,-4.00,0,792
pdc,-4.00,0,794
pdc,-4.00,0,795
pdc,-4.00,0,796
pdc,-4.00,0,797
pdc,-4.00,0,798
pdc,-4.00,0,799
pdc,-4.00,0,800
pdc,-4.00,0,801
pdc,-4.00,0,802
pdc,-4.00,0,803
pdc,-4.00,0,805
pdc,-4.00,0,806
pdc,-4.00,0,807
pdc,-4.00,0,808
pdc,-4.00,0,810
pdc,-4.00,0,819
pdc,-4.00,0,841
pdc,-4.00,0,844
pdc,-4.00,0,845
pdc,-4.00,0,849
pdc,-4.00,0,890
pdc,-4.00,0,891
pdc,-4.00,0,892
pdc,-4.00,0,893
pdc,-4.00,0,895
pdc,-4.00,0,896
pdc,-4.00,0,897
pdc,-4.00,0,903
pdc,-4.00,0,905
pdc,-4.00,0,906
pdc,-4.00,0,1011
pdc,-4.00,0,1019
pdc,-4.00,0,1020
pdc,-4.00,0,1024
pdc,-4.00,0,1025
pdc,-4.00,0,1064
pdc,-4.00,0,1065
pdc,-4.00,0,1066
pdc,-4.00,0,1067
pdc,-4.00,0,1068
pdc,-4.00,0,1069
pdc,-4.00,0,1071
pdc,-4.00,0,1072
pdc,-4.00,0,1073
pdc,-4.00,0,1074
pdc,-4.00,0,1075
pdc,-4.00,0,1076
pdc,-4.00,0,1077
pdc,-4.00,0,1078
pdc,-4.00,0,1079
pdc,-4.00,0,1080
pdc,-4.00,0,1081
pdc,-4.00,0,1082
pdc,-4.00,0,1083
pdc,-4.00,0,1085
pdc,-4.00,0,1086
pdc,-4.00,0,1087
pdc,-4.00,0,1088
pdc,-4.00,0,1089
pdc,-4.00,0,1090
pdc,-4.00,0,1100
pdc,-4.00,0,1101
pdc,-4.00,0,1143
pdc,-4.00,0,1148
pdc,-4.00,0,1149
pdc,-4.00,0,1169
pdc,-4.00,0,1192
pdc,-4.00,0,1193
pdc,-4.00,0,1197
pdc,-4.00,0,1198
pdc,-4.00,0,1200
pdc,-4.00,0,1205
pdc,-4.00,0,1206
pdc,-4.00,0,1207
pdc,-4.00,0,1209
pdc,-4.00,0,1247
pdc,-4.00,0,1248
pdc,-4.00,0,1249
pdc,-4.00,0,1252
pdc,-4.00,0,1253
pdc,-4.00,0,1254
pdc,-4.00,0,1255
pdc,-4.00,0,1256
pdc,-4.00,0,1257
pdc,-4.00,0,1258
pdc,-4.00,0,1259
pdc,-4.00,0,1260
pdc,-4.00,0,1261
pdc,-4.00,0,1265
pdc,-4.00,0,1266
pdc,-4.00,0,1267
pdc,-4.00,0,1268
pdc,-4.00,0,1269
pdc,-4.00,0,1270
pdc,-4.00,0,1271
pdc,-4.00,0,1274
pdc,-4.00,0,1275
pdc,-4.00,0,1276
pdc,-4.00,0,1277
pdc,-4.00,0,1278
pdc,-4.00,0,1279
pdc,-4.00,0,1282
pdc,-4.00,0,1283
pdc,-4.00,0,1284
pdc,-4.00,0,1285
pdc,-4.00,0,1286
pdc,-4.00,0,1289
pdc,-4.00,0,1290
pdc,-4.00,0,1294
pdc,-4.00,0,1295
pdc,-4.00,0,1297
pdc,-4.00,0,1341
pdc,-4.00,0,1342
pdc,-4.00,0,1343
pdc,-4.00,0,1344
pdc,-4.00,0,1345
pdc,-4.00,0,1385
pdc,-4.00,0,1391
pdc,-4.00,0,1431
pdc,-4.00,0,1433
pdc,-4.00,0,1434
pdc,-4.00,0,1442
pdc,-4.00,0,1443
pdc,-4.00,0,1444
pdc,-4.00,0,1445
pdc,-4.00,0,1449
pdc,-4.00,0,1741
pdc,-4.00,0,1743
pdc,-4.00,0,1744
pdc,-4.00,0,1745
pdc,-4.00,0,1746
pdc,-4.00,0,1747
pdc,-4.00,0,1748
pdc,-4.00,0,1749
pdc,-4.00,0,1750
pdc,-4.00,0,1751
pdc,-4.00,0,1752
pdc,-4.00,0,1753
pdc,-4.00,0,1754
pdc,-4.00,0,1764
pdc,-4.00,0,1765
pdc,-4.00,0,1766
pdc,-4.00,0,1767
pdc,-4.00,0,1768
pdc,-4.00,0,1769
pdc,-4.00,0,1770
pdc,-4.00,0,1774
pdc,-4.00,0,1775
pdc,-4.00,0,1778
pdc,-4.00,0,1780
pdc,-4.00,0,1781
pdc,-4.00,0,1783
pdc,-4.00,0,1788
pdc,-4.00,0,1789
pdc,-4.00,0,1790
pdc,-4.00,0,1791
pdc,-4.00,0,1792
pdc,-4.00,0,1793
pdc,-4.00,0,1794
pdc,-4.00,0,1805
pdc,-4.00,0,1820
pdc,-4.00,0,1823
pdc,-4.00,0,1828
pdc,-4.00,0,1836
pdc,-4.00,0,1839
pdc,-4.00,0,1840
pdc,-4.00,0,1841
pdc,-4.00,0,1879
pdc,-4.00,0,1880
pdc,-4.00,0,1881
pdc,-4.00,0,1882
pdc,-4.00,0,1883
pdc,-4.00,0,1884
pdc,-4.00,0,1885
pdc,-4.00,0,1888
pdc,-4.00,0,1889
pdc,-4.00,0,1890
pdc,-4.00,0,1899
pdc,-4.00,0,1916
pdc,-4.00,0,1922
pdc,-4.00,0,1923
pdc,-4.00,0,1924
pdc,-4.00,0,1925
pdc,-4.00,0,1927
pdc,-4.00,0,1928
pdc,-4.00,0,1929
pdc,-4.00,0,1930
pdc,-4.00,0,1931
pdc,-4.00,0,1932
pdc,-4.00,0,1933
pdc,-4.00,0,1934
pdc,-4.00,0,1935
pdc,-4.00,0,1938
pdc,-4.00,0,1939
pdc,-4.00,0,1940
pdc,-4.00,0,1941
pdc,-4.00,0,1942
pdc,-4.00,0,1943
pdc,-4.00,0,1946
pdc,-4.00,0,1947
pdc,-4.00,0,1978
pdc,-4.00,0,1979
pdc,-4.00,0,1980
pdc,-4.00,0,1983
pdc,-4.00,0,1984
pdc,-4.00,0,1985
pdc,-4.00,0,1986
pdc,-4.00,0,1991
pdc,-4.00,0,1992
pdc,-4.00,0,1994
pdc,-4.00,0,1995
pdc,-4.00,0,1999
pdc,-4.00,0,2000
pdc,-4.00,0,2001
pdc,-4.00,0,2003
pdc,-4.00,0,2004
pdc,-4.00,0,2005
pdc,-4.00,0,2006
pdc,-4.00,0,2020
pdc,-4.00,0,2023
pdc,-4.00,0,2040
pdc,-4.00,0,2065
pdc,-4.00,0,2076
pdc,-4.00,0,2084
pdc,-4.00,0,2114
pdc,-4.00,0,2115
pdc,-4.00,0,2117
pdc,-4.00,0,2118
pdc,-4.00,0,2119
pdc,-4.00,0,2121
pdc,-4.00,0,2122
pdc,-4.00,0,2123
pdc,-4.00,0,2124
pdc,-4.00,0,2125
pdc,-4.00,0,2126
pdc,-4.00,0,2128
pdc,-4.00,0,2129
pdc,-4.00,0,2161
pdc,-4.00,0,2178
pdc,-4.00,0,2179
pdc,-4.00,0,2180
pdc,-4.00,0,2182
pdc,-4.00,0,2183
pdc,-4.00,0,2185
pdc,-4.00,0,2211
pdc,-4.00,0,2212
pdc,-4.00,0,2213
pdc,-4.00,0,2214
pdc,-4.00,0,2215
pdc,-4.00,0,2216
pdc,-4.00,0,2217
pdc,-4.00,0,2227
pdc,-4.00,0,2229
pdc,-4.00,0,2233
pdc,-4.00,0,2235
pdc,-4.00,0,2236
pdc,-4.00,0,2237
pdc,-4.00,0,2239
pdc,-4.00,0,2240
pdc,-4.00,0,2241
pdc,-4.00,0,2242
pdc,-4.00,0,2244
pdc,-4.00,0,2245
pdc,-4.00,0,2246
pdc,-4.00,0,2247
pdc,-4.00,0,2248
pdc,-4.00,0,2249
pdc,-4.00,0,2250
pdc,-4.00,0,2252
pdc,-4.00,0,2253
pdc,-4.00,0,2254
pdc,-4.00,0,2255
pdc,-4.00,0,2257
pdc,-4.00,0,2306
pdc,-4.00,0,2309
pdc,-4.00,0,2312
pdc,-4.00,0,2314
pdc,-4.00,0,2315
pdc,-4.00,0,2316
pdc,-4.00,0,2317
pdc,-4.00,0,2318
pdc,-4.00,0,2319
pdc,-4.00,0,2320
pdc,-4.00,0,2321
pdc,-4.00,0,2322
pdc,-4.00,0,2333
pdc,-4.00,0,2374
pdc,-4.00,0,2376
pdc,-4.00,0,2378
pdc,-4.00,0,2411
pdc,-4.00,0,2412
pdc,-4.00,0,2416
pdc,-4.00,0,2428
pdc,-4.00,0,2472
pdc,-4.00,0,2477
pdc,-4.00,0,2478
pdc,-4.00,0,2479
pdc,-4.00,0,2480
pdc,-4.00,0,2481
pdc,-4.00,0,2482
pdc,-4.00,0,2527
pdc,-4.00,0,2551
pdc,-4.00,0,2552
pdc,-4.00,0,2566
pdc,-4.00,0,2568
pdc,-4.00,0,2576
pdc,-4.00,0,2577
pdc,-4.00,0,2578
pdc,-4.00,0,2579
pdc,-4.00,0,2583
pdc,-4.00,0,2589
pdc,-4.00,0,2594
pdc,-4.00,0,2602
pdc,-4.00,0,2641
pdc,-4.00,0,2645
pdc,-4.00,0,2647
pdc,-4.00,0,2655
pdc,-4.00,0,2690
pdc,-4.00,0,2691
pdc,-4.00,0,2692
pdc,-4.00,0,2697
pdc,-4.00,0,2708
pdc,-4.00,0,2711
pdc,-4.00,0,2712
pdc,-4.00,0,2713
pdc,-4.00,0,2714
pdc,-4.00,0,2735
pdc,-4.00,0,2736
pdc,-4.00,0,2737
pdc,-4.00,0,2739
pdc,-4.00,0,2740
pdc,-4.00,0,2741
pdc,-4.00,0,2742
pdc,-4.00,0,2743
pdc,-4.00,0,2744
pdc,-4.00,0,2745
pdc,-4.00,0,2746
pdc,-4.00,0,2747
pdc,-4.00,0,2748
pdc,-4.00,0,2750
pdc,-4.00,0,2751
pdc,-4.00,0,2752
pdc,-4.00,0,2753
pdc,-4.00,0,2755
pdc,-4.00,0,2757
pdc,-4.00,0,2758
pdc,-4.00,0,2759
pdc,-4.00,0,2760
pdc,-4.00,0,2761
pdc,-4.00,0,2762
pdc,-4.00,0,2767
pdc,-4.00,0,2768
pdc,-4.00,0,2769
pdc,-4.00,0,2774
pdc,-4.00,0,2776
pdc,-4.00,0,2782
pdc,-4.00,0,2791
pdc,-4.00,0,2792
pdc,-4.00,0,2803
pdc,-4.00,0,2804
pdc,-4.00,0,2805
pdc,-4.00,0,2808
pdc,-4.00,0,2812
pdc,-4.00,0,2815
pdc,-4.00,0,2816
pdc,-4.00,0,2850
pdc,-4.00,0,2861
pdc,-4.00,0,2867
pdc,-4.00,0,2868
pdc,-4.00,0,2869
pdc,-4.00,0,2870
pdc,-4.00,0,2871
pdc,-4.00,0,2872
pdc,-4.00,0,2873
pdc,-4.00,0,2895
pdc,-4.00,0,2916
pdc,-4.00,0,2946
pdc,-4.00,0,2947
pdc,-4.00,0,2950
pdc,-4.00,0,2951
pdc,-4.00,0,2952
pdc,-4.00,0,2953
pdc,-4.00,0,2954
pdc,-4.00,0,2955
pdc,-4.00,0,2956
pdc,-4.00,0,2958
pdc,-4.00,0,2959
pdc,-4.00,0,2960
pdc,-4.00,0,2965
pdc,-4.00,0,2966
pdc,-4.00,0,2970
pdc,-4.00,0,2974
pdc,-4.00,0,2975
pdc,-4.00,0,3047
pdc,-4.00,0,3049
pdc,-4.00,0,3050
pdc,-4.00,0,3051
pdc,-4.00,0,3052
pdc,-4.00,0,3055
pdc,-4.00,0,3056
pdc,-4.00,0,3057
pdc,-4.00,0,3058
pdc,-4.00,0,3059
pdc,-4.00,0,3060
pdc,-4.00,0,3061
pdc,-4.00,0,3062
pdc,-4.00,0,3063
pdc,-4.00,0,3064
pdc,-4.00,0,3065
pdc,-4.00,0,3066
pdc,-4.00,0,3067
pdc,-4.00,0,3068
pdc,-4.00,0,3070
pdc,-4.00,0,3071
pdc,-4.00,0,3076
pdc,-4.00,0,3079
pdc,-4.00,0,3091
pdc,-4.00,0,3101
pdc,-4.00,0,3117
pdc,-4.00,0,3143
pdc,-4.00,0,3144
pdc,-4.00,0,3145
pdc,-4.00,0,3146
pdc,-4.00,0,3147
pdc,-4.00,0,3148
pdc,-4.00,0,3149
pdc,-4.00,0,3150
pdc,-4.00,0,3151
pdc,-4.00,0,3152
pdc,-4.00,0,3154
pdc,-4.00,0,3156
pdc,-4.00,0,3157
pdc,-4.00,0,3158
pdc,-4.00,0,3159
pdc,-4.00,0,3161
pdc,-4.00,0,3162
pdc,-4.00,0,3163
pdc,-4.00,0,3164
pdc,-4.00,0,3165
pdc,-4.00,0,3166
pdc,-4.00,0,3167
pdc,-4.00,0,3168
pdc,-4.00,0,3169
pdc,-4.00,0,3178
pdc,-4.00,0,3180
pdc,-4.00,0,3183
pdc,-4.00,0,3184
pdc,-4.00,0,3185
pdc,-4.00,0,3217
pdc,-4.00,0,3218
pdc,-4.00,0,3219
pdc,-4.00,0,3220
pdc,-4.00,0,3221
pdc,-4.00,0,3223
pdc,-4.00,0,3224
pdc,-4.00,0,3225
pdc,-4.00,0,3226
pdc,-4.00,0,3228
pdc,-4.00,0,3231
pdc,-4.00,0,3232
pdc,-4.00,0,3238
pdc,-4.00,0,3239
pdc,-4.00,0,3240
pdc,-4.00,0,3241
pdc,-4.00,0,3249
pdc,-4.00,0,3293
pdc,-4.00,0,3294
pdc,-4.00,0,3295
pdc,-4.00,0,3297
pdc,-4.00,0,3298
pdc,-4.00,0,3299
pdc,-4.00,0,3300
pdc,-4.00,0,3302
pdc,-4.00,0,3305
pdc,-4.00,0,3306
pdc,-4.00,0,3311
pdc,-4.00,0,3312
pdc,-4.00,0,3313
pdc,-4.00,0,3314
pdc,-4.00,0,3319
pdc,-4.00,0,3332
pdc,-4.00,0,3336
pdc,-4.00,0,3337
pdc,-4.00,0,3339
pdc,-4.00,0,3340
pdc,-4.00,0,3342
pdc,-4.00,0,3343
pdc,-4.00,0,3344
pdc,-4.00,0,3380
pdc,-4.00,0,3389
pdc,-4.00,0,3390
pdc,-4.00,0,3391
pdc,-4.00,0,3399
pdc,-4.00,0,3400
pdc,-4.00,0,3401
pdc,-4.00,0,3409
pdc,-4.00,0,3411
pdc,-4.00,0,3412
pdc,-4.00,0,3413
pdc,-4.00,0,3459
pdc,-4.00,0,3462
pdc,-4.00,0,3463
pdc,-4.00,0,3466
pdc,-4.00,0,3467
pdc,-4.00,0,3468
pdc,-4.00,0,3469
pdc,-4.00,0,3473
pdc,-4.00,0,3474
pdc,-4.00,0,3480
pdc,-4.00,0,3481
pdc,-4.00,0,3506
pdc,-4.00,0,3523
pdc,-4.00,0,3525
pdc,-4.00,0,3535
pdc,-4.00,0,3565
pdc,-4.00,0,3577
pdc,-4.00,0,3578
pdc,-4.00,0,3579
pdc,-4.00,0,3581
pdc,-4.00,0,3583
pdc,-4.00,0,3584
pdc,-4.00,0,3585
pdc,-4.00,0,3588
pdc,-4.00,0,3589
pdc,-4.00,0,3590
pdc,-4.00,0,3591
pdc,-4.00,0,3592
pdc,-4.00,0,3593
pdc,-4.00,0,3619
pdc,-4.00,0,3623
pdc,-4.00,0,3625
pdc,-4.00,0,3626
pdc,-4.00,0,3627
pdc,-4.00,0,3635
pdc,-4.00,0,3678
pdc,-4.00,0,3683
pdc,-4.00,0,3684
pdc,-4.00,0,3685
pdc,-4.00,0,3686
pdc,-4.00,0,3687
pdc,-4.00,0,3688
pdc,-4.00,0,3689
pdc,-4.00,0,3690
pdc,-4.00,0,3702
pdc,-4.00,0,3739
pdc,-4.00,0,3740
pdc,-4.00,0,3744
pdc,-4.00,0,3745
pdc,-4.00,0,3746
pdc,-4.00,0,3747
pdc,-4.00,0,3748
pdc,-4.00,0,3749
pdc,-4.00,0,3750
pdc,-4.00,0,3751
pdc,-4.00,0,3753
pdc,-4.00,0,3754
pdc,-4.00,0,3755
pdc,-4.00,0,3756
pdc,-4.00,0,3757
pdc,-4.00,0,3758
pdc,-4.00,0,3759
pdc,-4.00,0,3760
pdc,-4.00,0,3761
pdc,-4.00,0,3762
pdc,-4.00,0,3764
pdc,-4.00,0,3765
pdc,-4.00,0,3766
pdc,-4.00,0,3767
pdc,-4.00,0,3768
pdc,-4.00,0,3769
pdc,-4.00,0,3770
pdc,-4.00,0,3773
pdc,-4.00,0,3778
pdc,-4.00,0,3779
pdc,-4.00,0,3782
pdc,-4.00,0,3783
pdc,-4.00,0,3784
pdc,-4.00,0,3785
pdc,-4.00,0,3787
pdc,-4.00,0,3788
pdc,-4.00,0,3789
pdc,-4.00,0,3790
pdc,-4.00,0,3791
pdc,-4.00,0,3792
pdc,-4.00,0,3793
pdc,-4.00,0,3794
pdc,-4.00,0,3796
pdc,-4.00,0,3797
pdc,-4.00,0,3798
pdc,-4.00,0,3799
pdc,-4.00,0,3800
pdc,-4.00,0,3801
pdc,-4.00,0,3802
pdc,-4.00,0,3807
pdc,-4.00,0,3808
pdc,-4.00,0,3847
pdc,-4.00,0,3848
pdc,-4.00,0,3849
pdc,-4.00,0,3853
pdc,-4.00,0,3854
pdc,-4.00,0,3859
pdc,-4.00,0,3860
pdc,-4.00,0,3863
pdc,-4.00,0,3864
pdc,-4.00,0,3865
pdc,-4.00,0,3866
pdc,-4.00,0,3867
pdc,-4.00,0,3869
pdc,-4.00,0,3870
pdc,-4.00,0,3872
pdc,-4.00,0,3873
pdc,-4.00,0,3875
pdc,-4.00,0,3894
pdc,-4.00,0,3917
pdc,-4.00,0,3918
pdc,-4.00,0,3923
pdc,-4.00,0,3926
pdc,-4.00,0,3927
pdc,-4.00,0,3935
pdc,-4.00,0,3936
pdc,-4.00,0,3941
pdc,-4.00,0,3948
pdc,-4.00,0,3952
pdc,-4.00,0,3999
pdc,-4.00,0,4039
pdc,-4.00,0,4040
pdc,-4.00,0,4042
pdc,-4.00,0,4043
pdc,-4.00,0,4045
pdc,-4.00,0,4046
pdc,-4.00,0,4047
pdc,-4.00,0,4048
pdc,-4.00,0,4049
pdc,-4.00,0,4073
pdc,-4.00,0,4114
pdc,-4.00,0,4115
pdc,-4.00,0,4116
pdc,-4.00,0,4124
pdc,-4.00,0,4127
pdc,-4.00,0,4130
pdc,-4.00,0,4131
pdc,-4.00,0,4132
pdc,-4.00,0,4134
pdc,-4.00,0,4135
pdc,-4.00,0,4136
pdc,-4.00,0,4137
pdc,-4.00,0,4138
pdc,-4.00,0,4139
pdc,-4.00,0,4140
pdc,-4.00,0,4145
pdc,-4.00,0,4345
pdc,-4.00,0,4346
pdc,-4.00,0,4354
pdc,-4.00,0,4355
pdc,-4.00,0,4358
pdc,-4.00,0,4359
pdc,-4.00,0,4360
pdc,-4.00,0,4361
pdc,-4.00,0,4362
pdc,-4.00,0,4363
pdc,-4.00,0,4366
pdc,-4.00,0,4375
pdc,-4.00,0,4376
pdc,-4.00,0,4380
pdc,-4.00,0,4388
pdc,-4.00,0,4389
pdc,-4.00,0,4395
pdc,-4.00,0,4396
pdc,-4.00,0,4397
pdc,-4.00,0,4442
pdc,-4.00,0,4443
pdc,-4.00,0,4444
pdc,-4.00,0,4446
pdc,-4.00,0,4447
pdc,-4.00,0,4448
pdc,-4.00,0,4462
pdc,-4.00,0,4472
pdc,-4.00,0,4475
pdc,-4.00,0,4488
pdc,-4.00,0,4489
pdc,-4.00,0,4518
pdc,-4.00,0,4562
pdc,-4.00,0,4563
pdc,-4.00,0,4570
pdc,-4.00,0,4574
pdc,-4.00,0,4576
pdc,-4.00,0,4577
pdc,-4.00,0,4624
pdc,-4.00,0,4629
pdc,-4.00,0,4631
pdc,-4.00,0,4633
pdc,-4.00,0,4636
pdc,-4.00,0,4637
pdc,-4.00,0,4646
pdc,-4.00,0,4669
pdc,-4.00,0,4690
pdc,-4.00,0,4692
pdc,-4.00,0,4694
pdc,-4.00,0,4696
pdc,-4.00,0,4698
pdc,-4.00,0,4699
pdc,-4.00,0,4702
pdc,-4.00,0,4703
pdc,-4.00,0,4705
pdc,-4.00,0,4707
pdc,-4.00,0,4708
pdc,-4.00,0,4709
pdc,-4.00,0,4713
pdc,-4.00,0,4717
pdc,-4.00,0,4718
pdc,-4.00,0,4719
pdc,-4.00,0,4720
pdc,-4.00,0,4725
pdc,-4.00,0,4726
pdc,-4.00,0,4728
pdc,-4.00,0,4729
pdc,-4.00,0,4734
pdc,-4.00,0,4736
pdc,-4.00,0,4739
pdc,-4.00,0,4740
pdc,-4.00,0,4741
pdc,-4.00,0,4742
pdc,-4.00,0,4743
pdc,-4.00,0,4744
pdc,-4.00,0,4745
pdc,-4.00,0,4760
pdc,-4.00,0,4767
pdc,-4.00,0,4777
pdc,-4.00,0,4781
pdc,-4.00,0,4784
pdc,-4.00,0,4789
pdc,-4.00,0,4790
pdc,-4.00,0,4791
pdc,-4.00,0,4792
pdc,-4.00,0,4795
pdc,-4.00,0,4800
pdc,-4.00,0,4805
pdc,-4.00,0,4806
pdc,-4.00,0,4807
pdc,-4.00,0,4809
pdc,-4.00,0,4811
pdc,-4.00,0,4821
pdc,-4.00,0,4824
pdc,-4.00,0,4825
pdc,-4.00,0,4826
pdc,-4.00,0,4827
pdc,-4.00,0,4828
pdc,-4.00,0,4829
pdc,-4.00,0,4830
pdc,-4.00,0,4833
pdc,-4.00,0,4836
pdc,-4.00,0,4839
pdc,-4.00,0,4840
pdc,-4.00,0,4842
pdc,-4.00,0,4856
pdc,-4.00,0,4866
pdc,-4.00,0,4914
pdc,-4.00,0,4915
pdc,-4.00,0,4916
pdc,-4.00,0,4917
pdc,-4.00,0,4918
pdc,-4.00,0,4919
pdc,-4.00,0,4922
pdc,-4.00,0,4929
pdc,-4.00,0,4931
pdc,-4.00,0,4933
pdc,-4.00,0,4937
pdc,-4.00,0,4951
pdc,-4.00,0,4964
pdc,-4.00,0,4965
pdc,-4.00,0,4977
pdc,-4.00,0,4984
pdc,-4.00,0,5014
pdc,-4.00,0,5016
pdc,-4.00,0,5018
pdc,-4.00,0,5027
pdc,-4.00,0,5031
pdc,-4.00,0,5032
pdc,-4.00,0,5038
pdc,-4.00,0,5047
pdc,-4.00,0,5069
pdc,-4.00,0,5132
pdc,-4.00,0,5145
pdc,-4.00,0,5295
pdc,-4.00,0,5296
pdc,-4.00,0,5373
pdc,-4.00,0,5379
pdc,-4.00,0,5475
pdc,-4.00,0,5477
pdc,-4.00,0,5480
pdc,-4.00,0,5481
pdc,-4.00,0,5486
pdc,-4.00,0,5487
pdc,-4.00,0,5488
pdc,-4.00,0,5489
pdc,-4.00,0,5530
pdc,-4.00,0,5531
pdc,-4.00,0,5532
pdc,-4.00,0,5536
pdc,-4.00,0,5546
pdc,-4.00,0,5547
pdc,-4.00,0,5548
pdc,-4.00,0,5573
pdc,-4.00,0,5595
pdc,-4.00,0,5596
pdc,-4.00,0,5597
pdc,-4.00,0,5598
pdc,-4.00,0,5599
pdc,-4.00,0,5600
pdc,-4.00,0,5601
pdc,-4.00,0,5603
pdc,-4.00,0,5604
pdc,-4.00,0,5605
pdc,-4.00,0,5606
pdc,-4.00,0,5607
pdc,-4.00,0,5612
pdc,-4.00,0,5613
pdc,-4.00,0,5616
pdc,-4.00,0,5617
pdc,-4.00,0,5618
pdc,-4.00,0,5619
pdc,-4.00,0,5622
pdc,-4.00,0,5623
pdc,-4.00,0,5625
pdc,-4.00,0,5628
pdc,-4.00,0,5629
pdc,-4.00,0,5630
pdc,-4.00,0,5631
pdc,-4.00,0,5633
pdc,-4.00,0,5634
pdc,-4.00,0,5648
pdc,-4.00,0,5691
pdc,-4.00,0,5692
pdc,-4.00,0,5694
pdc,-4.00,0,5695
pdc,-4.00,0,5696
pdc,-4.00,0,5697
pdc,-4.00,0,5722
pdc,-4.00,0,5723
pdc,-4.00,0,5724
pdc,-4.00,0,5725
pdc,-4.00,0,5726
pdc,-4.00,0,5727
pdc,-4.00,0,5728
pdc,-4.00,0,5729
pdc,-4.00,0,5740
pdc,-4.00,0,5741
pdc,-4.00,0,5758
pdc,-4.00,0,5770
pdc,-4.00,0,5772
pdc,-4.00,0,5794
pdc,-4.00,0,5795
pdc,-4.00,0,5796
pdc,-4.00,0,5797
pdc,-4.00,0,5799
pdc,-4.00,0,5807
pdc,-4.00,0,5808
pdc,-4.00,0,5813
pdc,-4.00,0,5814
pdc,-4.00,0,5815
pdc,-4.00,0,5816
pdc,-4.00,0,5823
pdc,-4.00,0,5831
pdc,-4.00,0,5832
pdc,-4.00,0,5833
pdc,-4.00,0,5834
pdc,-4.00,0,5837
pdc,-4.00,0,5839
pdc,-4.00,0,5857
pdc,-4.00,0,5865
pdc,-4.00,0,5879
pdc,-4.00,0,5880
pdc,-4.00,0,5881
pdc,-4.00,0,5883
pdc,-4.00,0,5884
pdc,-4.00,0,5885
pdc,-4.00,0,5886
pdc,-4.00,0,5887
pdc,-4.00,0,5888
pdc,-4.00,0,5889
pdc,-4.00,0,5893
pdc,-4.00,0,5897
pdc,-4.00,0,5910
pdc,-4.00,0,5911
pdc,-4.00,0,5937
pdc,-4.00,0,5989
pdc,-4.00,0,5990
pdc,-4.00,0,5991
pdc,-4.00,0,5992
pdc,-4.00,0,5998
pdc,-4.00,0,6002
pdc,-4.00,0,6003
pdc,-4.00,0,6004
pdc,-4.00,0,6005
pdc,-4.00,0,6006
pdc,-4.00,0,6007
pdc,-4.00,0,6008
pdc,-4.00,0,6009
pdc,-4.00,0,6010
pdc,-4.00,0,6020
pdc,-4.00,0,6021
pdc,-4.00,0,6022
pdc,-4.00,0,6023
pdc,-4.00,0,6024
pdc,-4.00,0,6025
pdc,-4.00,0,6026
pdc,-4.00,0,6027
pdc,-4.00,0,6028
pdc,-4.00,0,6029
pdc,-4.00,0,6030
pdc,-4.00,0,6031
pdc,-4.00,0,6033
pdc,-4.00,0,6034
pdc,-4.00,0,6035
pdc,-4.00,0,6036
pdc,-4.00,0,6037
pdc,-4.00,0,6038
pdc,-4.00,0,6039
pdc,-4.00,0,6040
pdc,-4.00,0,6041
pdc,-4.00,0,6042
pdc,-4.00,0,6044
pdc,-4.00,0,6046
pdc,-4.00,0,6048
pdc,-4.00,0,6049
pdc,-4.00,0,6052
pdc,-4.00,0,6057
pdc,-4.00,0,6059
pdc,-4.00,0,6061
pdc,-4.00,0,6062
pdc,-4.00,0,6063
pdc,-4.00,0,6064
pdc,-4.00,0,6065
pdc,-4.00,0,6067
pdc,-4.00,0,6068
pdc,-4.00,0,6073
pdc,-4.00,0,6074
pdc,-4.00,0,6076
pdc,-4.00,0,6077
pdc,-4.00,0,6078
pdc,-4.00,0,6080
pdc,-4.00,0,6081
pdc,-4.00,0,6096
pdc,-4.00,0,6097
pdc,-4.00,0,6102
pdc,-4.00,0,6107
pdc,-4.00,0,6113
pdc,-4.00,0,6114
pdc,-4.00,0,6115
pdc,-4.00,0,6116
pdc,-4.00,0,6169
pdc,-4.00,0,6183
pdc,-4.00,0,6184
pdc,-4.00,0,6185
pdc,-4.00,0,6186
pdc,-4.00,0,6195
pdc,-4.00,0,6198
pdc,-4.00,0,6265
pdc,-4.00,0,6519
pdc,-4.00,0,6520
pdc,-4.00,0,6521
pdc,-4.00,0,6555
pdc,-4.00,0,6606
pdc,-4.00,0,6607
pdc,-4.00,0,6608
pdc,-4.00,0,6609
pdc,-4.00,0,6651
pdc,-4.00,0,6655
pdc,-4.00,0,6656
pdc,-4.00,0,6657
pdc,-4.00,0,6672
pdc,-4.00,0,6682
pdc,-4.00,0,6683
pdc,-4.00,0,6684
pdc,-4.00,0,6685
pdc,-4.00,0,6687
pdc,-4.00,0,6688
pdc,-4.00,0,6689
pdc,-4.00,0,6691
pdc,-4.00,0,6692
pdc,-4.00,0,6693
pdc,-4.00,0,6694
pdc,-4.00,0,6695
pdc,-4.00,0,6696
pdc,-4.00,0,6697
pdc,-4.00,0,6698
pdc,-4.00,0,6699
pdc,-4.00,0,6702
pdc,-4.00,0,6703
pdc,-4.00,0,6704
pdc,-4.00,0,6705
pdc,-4.00,0,6706
pdc,-4.00,0,6719
pdc,-4.00,0,6726
pdc,-4.00,0,6745
pdc,-4.00,0,6766
pdc,-4.00,0,6770
pdc,-4.00,0,6773
pdc,-4.00,0,6774
pdc,-4.00,0,6775
pdc,-4.00,0,6778
pdc,-4.00,0,6782
pdc,-4.00,0,6783
pdc,-4.00,0,6784
pdc,-4.00,0,6785
pdc,-4.00,0,6788
pdc,-4.00,0,6794
pdc,-4.00,0,6796
pdc,-4.00,0,6839
pdc,-4.00,0,6880
pdc,-4.00,0,6882
pdc,-4.00,0,6883
pdc,-4.00,0,6887
pdc,-4.00,0,6888
pdc,-4.00,0,6889
pdc,-4.00,0,6890
pdc,-4.00,0,6891
pdc,-4.00,0,6892
pdc,-4.00,0,6893
pdc,-4.00,0,6894
pdc,-4.00,0,6895
pdc,-4.00,0,6896
pdc,-4.00,0,6897
pdc,-4.00,0,6898
pdc,-4.00,0,6935
pdc,-4.00,0,6936
pdc,-4.00,0,6940
pdc,-4.00,0,6950
pdc,-4.00,0,6951
pdc,-4.00,0,6952
pdc,-4.00,0,6953
pdc,-4.00,0,6954
pdc,-4.00,0,6976
pdc,-4.00,0,6999
pdc,-4.00,0,7005
pdc,-4.00,0,7007
pdc,-4.00,0,7008
pdc,-4.00,0,7009
pdc,-4.00,0,7010
pdc,-4.00,0,7036
pdc,-4.00,0,7060
pdc,-4.00,0,7061
pdc,-4.00,0,7085
pdc,-4.00,0,7088
pdc,-4.00,0,7089
pdc,-4.00,0,7137
pdc,-4.00,0,7157
pdc,-4.00,0,7180
pdc,-4.00,0,7185
pdc,-4.00,0,7186
pdc,-4.00,0,7205
pdc,-4.00,0,7213
pdc,-4.00,0,7233
pdc,-4.00,0,7259
pdc,-4.00,0,7307
pdc,-4.00,0,7310
pdc,-4.00,0,7329
pdc,-4.00,0,7331
pdc,-4.00,0,7333
pdc,-4.00,0,7335
pdc,-4.00,0,7336
pdc,-4.00,0,7337
pdc,-4.00,0,7338
pdc,-4.00,0,7339
pdc,-4.00,0,7340
pdc,-4.00,0,7343
pdc,-4.00,0,7347
pdc,-4.00,0,7348
pdc,-4.00,0,7354
pdc,-4.00,0,7358
pdc,-4.00,0,7359
pdc,-4.00,0,7361
pdc,-4.00,0,7373
pdc,-4.00,0,7401
pdc,-4.00,0,7404
pdc,-4.00,0,7405
pdc,-4.00,0,7406
pdc,-4.00,0,7408
pdc,-4.00,0,7409
pdc,-4.00,0,7412
pdc,-4.00,0,7413
pdc,-4.00,0,7414
pdc,-4.00,0,7415
pdc,-4.00,0,7418
pdc,-4.00,0,7420
pdc,-4.00,0,7421
pdc,-4.00,0,7422
pdc,-4.00,0,7423
pdc,-4.00,0,7424
pdc,-4.00,0,7425
pdc,-4.00,0,7426
pdc,-4.00,0,7441
pdc,-4.00,0,7455
pdc,-4.00,0,7465
pdc,-4.00,0,7475
pdc,-4.00,0,7516
pdc,-4.00,0,7519
pdc,-4.00,0,7520
pdc,-4.00,0,7522
pdc,-4.00,0,7523
pdc,-4.00,0,7524
pdc,-4.00,0,7525
pdc,-4.00,0,7526
pdc,-4.00,0,7528
pdc,-4.00,0,7529
pdc,-4.00,0,7530
pdc,-4.00,0,7532
pdc,-4.00,0,7533
pdc,-4.00,0,7534
pdc,-4.00,0,7535
pdc,-4.00,0,7536
pdc,-4.00,0,7537
pdc,-4.00,0,7538
pdc,-4.00,0,7539
pdc,-4.00,0,7542
pdc,-4.00,0,7546
pdc,-4.00,0,7547
pdc,-4.00,0,7548
pdc,-4.00,0,7549
pdc,-4.00,0,7550
pdc,-4.00,0,7551
pdc,-4.00,0,7552
pdc,-4.00,0,7557
pdc,-4.00,0,7558
pdc,-4.00,0,7559
pdc,-4.00,0,7566
pdc,-4.00,0,7567
pdc,-4.00,0,7611
pdc,-4.00,0,7630
pdc,-4.00,0,7657
pdc,-4.00,0,7658
pdc,-4.00,0,7717
pdc,-4.00,0,7764
pdc,-4.00,0,7769
pdc,-4.00,0,7819
pdc,-4.00,0,7820
pdc,-4.00,0,7822
pdc,-4.00,0,7823
pdc,-4.00,0,7824
pdc,-4.00,0,7852
pdc,-4.00,0,7868
pdc,-4.00,0,8174
pdc,-4.00,0,8208
pdc,-4.00,0,8222
pdc,-4.00,0,8258
pdc,-4.00,0,8259
pdc,-4.00,0,8260
pdc,-4.00,0,8261
pdc,-4.00,0,8262
pdc,-4.00,0,8264
pdc,-4.00,0,8265
pdc,-4.00,0,8266
pdc,-4.00,0,8267
pdc,-4.00,0,8268
pdc,-4.00,0,8270
pdc,-4.00,0,8271
pdc,-4.00,0,8272
pdc,-4.00,0,8275
pdc,-4.00,0,8302
pdc,-4.00,0,8303
pdc,-4.00,0,8310
pdc,-4.00,0,8311
pdc,-4.00,0,8316
pdc,-4.00,0,8322
pdc,-4.00,0,8324
pdc,-4.00,0,8325
pdc,-4.00,0,8326
pdc,-4.00,0,8327
pdc,-4.00,0,8329
pdc,-4.00,0,8375
pdc,-4.00,0,8376
pdc,-4.00,0,8387
pdc,-4.00,0,8433
pdc,-4.00,0,8435
pdc,-4.00,0,8436
pdc,-4.00,0,8482
pdc,-4.00,0,8483
pdc,-4.00,0,8484
pdc,-4.00,0,8485
pdc,-4.00,0,8487
pdc,-4.00,0,8488
pdc,-4.00,0,8489
pdc,-4.00,0,8500
pdc,-4.00,0,8511
pdc,-4.00,0,8553
pdc,-4.00,0,8556
pdc,-4.00,0,8571
pdc,-4.00,0,8574
pdc,-4.00,0,8603
pdc,-4.00,0,8604
pdc,-4.00,0,8605
pdc,-4.00,0,8606
pdc,-4.00,0,8607
pdc,-4.00,0,8608
pdc,-4.00,0,8609
pdc,-4.00,0,8610
pdc,-4.00,0,8612
pdc,-4.00,0,8613
pdc,-4.00,0,8617
pdc,-4.00,0,8618
pdc,-4.00,0,8624
pdc,-4.00,0,8625
pdc,-4.00,0,8626
pdc,-4.00,0,8627
pdc,-4.00,0,8629
pdc,-4.00,0,8630
pdc,-4.00,0,8631
pdc,-4.00,0,8632
pdc,-4.00,0,8633
pdc,-4.00,0,8634
pdc,-4.00,0,8635
pdc,-4.00,0,8636
pdc,-4.00,0,8637
pdc,-4.00,0,8638
pdc,-4.00,0,8640
pdc,-4.00,0,8643
pdc,-4.00,0,8644
pdc,-4.00,0,8683
pdc,-4.00,0,8685
pdc,-4.00,0,8686
pdc,-4.00,0,8687
pdc,-4.00,0,8688
pdc,-4.00,0,8691
pdc,-4.00,0,8692
pdc,-4.00,0,8693
pdc,-4.00,0,8695
pdc,-4.00,0,8696
pdc,-4.00,0,8697
pdc,-4.00,0,8698
pdc,-4.00,0,8699
pdc,-4.00,0,8702
pdc,-4.00,0,8703
pdc,-4.00,0,8704
pdc,-4.00,0,8705
pdc,-4.00,0,8737
pdc,-4.00,0,8744
pdc,-4.00,0,8748
pdc,-4.00,0,8749
pdc,-4.00,0,8750
pdc,-4.00,0,8751
pdc,-4.00,0,8752
pdc,-4.00,0,8753
pdc,-4.00,0,8754
pdc,-4.00,0,8755
pdc,-4.00,0,8756
pdc,-4.00,0,8759
pdc,-4.00,0,8760
pdc,-4.00,0,8762
pdc,-4.00,0,8763
pdc,-4.00,0,8764
pdc,-4.00,0,8765
pdc,-4.00,0,8768
pdc,-4.00,0,8782
pdc,-4.00,0,8783
pdc,-4.00,0,8784
pdc,-4.00,0,8785
pdc,-4.00,0,8818
pdc,-4.00,0,8830
pdc,-4.00,0,8876
pdc,-4.00,0,8877
pdc,-4.00,0,8878
pdc,-4.00,0,8880
pdc,-4.00,0,8881
pdc,-4.00,0,8882
pdc,-4.00,0,8924
pdc,-4.00,0,8936
pdc,-4.00,0,8937
pdc,-4.00,0,8942
pdc,-4.00,0,8944
pdc,-4.00,0,8945
pdc,-4.00,0,8946
pdc,-4.00,0,8947
pdc,-4.00,0,8950
pdc,-4.00,0,8998
pdc,-4.00,0,8999
pdc,-4.00,0,9000
pdc,-4.00,0,9001
pdc,-4.00,0,9139
pdc,-4.00,0,9179
pdc,-4.00,0,9180
pdc,-4.00,0,9186
pdc,-4.00,0,9188
pdc,-4.00,0,9189
pdc,-4.00,0,9190
pdc,-4.00,0,9191
pdc,-4.00,0,9192
pdc,-4.00,0,9193
pdc,-4.00,0,9194
pdc,-4.00,0,9196
pdc,-4.00,0,9216
pdc,-4.00,0,9237
pdc,-4.00,0,9239
pdc,-4.00,0,9242
pdc,-4.00,0,9243
pdc,-4.00,0,9244
pdc,-4.00,0,9245
pdc,-4.00,0,9246
pdc,-4.00,0,9247
pdc,-4.00,0,9248
pdc,-4.00,0,9249
pdc,-4.00,0,9250
pdc,-4.00,0,9251
pdc,-4.00,0,9252
pdc,-4.00,0,9253
pdc,-4.00,0,9254
pdc,-4.00,0,9255
pdc,-4.00,0,9256
pdc,-4.00,0,9258
pdc,-4.00,0,9259
pdc,-4.00,0,9260
pdc,-4.00,0,9261
pdc,-4.00,0,9262
pdc,-4.00,0,9263
pdc,-4.00,0,9265
pdc,-4.00,0,9283
pdc,-4.00,0,9314
pdc,-4.00,0,9315
pdc,-4.00,0,9316
pdc,-4.00,0,9318
pdc,-4.00,0,9319
pdc,-4.00,0,9320
pdc,-4.00,0,9321
pdc,-4.00,0,9322
pdc,-4.00,0,9395
pdc,-4.00,0,9396
pdc,-4.00,0,9397
pdc,-4.00,0,9398
pdc,-4.00,0,9400
pdc,-4.00,0,9401
pdc,-4.00,0,9402
pdc,-4.00,0,9403
pdc,-4.00,0,9406
pdc,-4.00,0,9407
pdc,-4.00,0,9409
pdc,-4.00,0,9410
pdc,-4.00,0,9411
pdc,-4.00,0,9412
pdc,-4.00,0,9413
pdc,-4.00,0,9414
pdc,-4.00,0,9415
pdc,-4.00,0,9416
pdc,-4.00,0,9417
pdc,-4.00,0,9419
pdc,-4.00,0,9420
pdc,-4.00,0,9501
pdc,-4.00,0,9546
pdc,-4.00,0,9548
pdc,-4.00,0,9550
pdc,-4.00,0,9557
pdc,-4.00,0,9560
pdc,-4.00,0,9578
pdc,-4.00,0,9589
pdc,-4.00,0,9596
pdc,-4.00,0,9633
pdc,-4.00,0,9674
pdc,-4.00,0,9675
pdc,-4.00,0,9676
pdc,-4.00,0,9677
pdc,-4.00,0,9680
pdc,-4.00,0,9681
pdc,-4.00,0,9728
pdc,-4.00,0,9768
pdc,-4.00,0,9769
pdc,-4.00,0,9772
pdc,-4.00,0,9778
pdc,-4.00,0,9779
pdc,-4.00,0,9781
pdc,-4.00,0,9782
pdc,-4.00,0,9783
pdc,-4.00,0,9785
pdc,-4.00,0,9803
pdc,-4.00,0,9804
pdc,-4.00,0,9806
pdc,-4.00,0,9807
pdc,-4.00,0,9809
pdc,-4.00,0,9810
pdc,-4.00,0,9814
pdc,-4.00,0,9815
pdc,-4.00,0,9816
pdc,-4.00,0,9817
pdc,-4.00,0,9820
pdc,-4.00,0,9821
pdc,-4.00,0,9822
pdc,-4.00,0,9825
pdc,-4.00,0,9826
pdc,-4.00,0,9838
pdc,-4.00,0,9839
pdc,-4.00,0,9842
pdc,-4.00,0,9843
pdc,-4.00,0,9865
pdc,-4.00,0,9866
pdc,-4.00,0,9868
pdc,-4.00,0,9873
pdc,-4.00,0,9874
pdc,-4.00,0,9875
pdc,-4.00,0,9876
pdc,-4.00,0,9877
pdc,-4.00,0,9879
pdc,-4.00,0,9887
pdc,-4.00,0,9919
pdc,-4.00,0,9922
pdc,-4.00,0,9923
pdc,-4.00,0,9926
pdc,-4.00,0,9937
pdc,-4.00,0,9940
pdc,-4.00,0,9941
pdc,-4.00,0,9945
pdc,-4.00,0,9946
pdc,-4.00,0,9950
pdc,-4.00,0,9959
pdc,-4.00,0,9994
pdc,-4.00,0,9998
pdc,-4.00,0,10002
pdc,-4.00,0,10012
pdc,-4.00,0,10014
pdc,-4.00,0,10015
pdc,-4.00,0,10016
pdc,-4.00,0,10017
pdc,-4.00,0,10028
pdc,-4.00,0,10032
pdc,-4.00,0,10034
pdc,-4.00,0,10037
pdc,-4.00,0,10038
pdc,-4.00,0,10042
pdc,-4.00,0,10046
pdc,-4.00,0,10048
pdc,-4.00,0,10090
pdc,-4.00,0,10092
pdc,-4.00,0,10093
pdc,-4.00,0,10094
pdc,-4.00,0,10095
pdc,-4.00,0,10096
pdc,-4.00,0,10123
pdc,-4.00,0,10125
pdc,-4.00,0,10127
pdc,-4.00,0,10128
pdc,-4.00,0,10130
pdc,-4.00,0,10131
pdc,-4.00,0,10137
pdc,-4.00,0,10140
pdc,-4.00,0,10141
pdc,-4.00,0,10145
pdc,-4.00,0,10148
pdc,-4.00,0,10151
pdc,-4.00,0,10152
pdc,-4.00,0,10153
pdc,-4.00,0,10154
pdc,-4.00,0,10156
pdc,-4.00,0,10163
pdc,-4.00,0,10164
pdc,-4.00,0,10165
pdc,-4.00,0,10168
pdc,-4.00,0,10208
pdc,-4.00,0,10210
pdc,-4.00,0,10213
pdc,-4.00,0,10214
pdc,-4.00,0,10215
pdc,-4.00,0,10216
pdc,-4.00,0,10217
pdc,-4.00,0,10218
pdc,-4.00,0,10219
pdc,-4.00,0,10221
pdc,-4.00,0,10222
pdc,-4.00,0,10223
pdc,-4.00,0,10225
pdc,-4.00,0,10269
pdc,-4.00,0,10270
pdc,-4.00,0,10272
pdc,-4.00,0,10273
pdc,-4.00,0,10278
pdc,-4.00,0,10281
pdc,-4.00,0,10282
pdc,-4.00,0,10286
pdc,-4.00,0,10294
pdc,-4.00,0,10295
pdc,-4.00,0,10296
pdc,-4.00,0,10297
pdc,-4.00,0,10301
pdc,-4.00,0,10303
pdc,-4.00,0,10306
pdc,-4.00,0,10307
pdc,-4.00,0,10310
pdc,-4.00,0,10312
pdc,-4.00,0,10319
pdc,-4.00,0,10320
pdc,-4.00,0,10362
pdc,-4.00,0,10363
pdc,-4.00,0,10365
pdc,-4.00,0,10366
pdc,-4.00,0,10367
pdc,-4.00,0,10369
pdc,-4.00,0,10370
pdc,-4.00,0,10371
pdc,-4.00,0,10372
pdc,-4.00,0,10373
pdc,-4.00,0,10374
pdc,-4.00,0,10375
pdc,-4.00,0,10376
pdc,-4.00,0,10377
pdc,-4.00,0,10378
pdc,-4.00,0,10382
pdc,-4.00,0,10383
pdc,-4.00,0,10392
pdc,-4.00,0,10394
pdc,-4.00,0,10395
pdc,-4.00,0,10398
pdc,-4.00,0,10399
pdc,-4.00,0,10403
pdc,-4.00,0,10406
pdc,-4.00,0,10407
pdc,-4.00,0,10409
pdc,-4.00,0,10418
pdc,-4.00,0,10426
pdc,-4.00,0,10451
pdc,-4.00,0,10477
pdc,-4.00,0,10478
pdc,-4.00,0,10481
pdc,-4.00,0,10588
pdc,-4.00,0,10589
pdc,-4.00,0,10590
pdc,-4.00,0,10591
pdc,-4.00,0,10592
pdc,-4.00,0,10593
pdc,-4.00,0,10594
pdc,-4.00,0,10595
pdc,-4.00,0,10605
pdc,-4.00,0,10606
pdc,-4.00,0,10607
pdc,-4.00,0,10609
pdc,-4.00,0,10622
pdc,-4.00,0,10625
pdc,-4.00,0,10679
pdc,-4.00,0,10693
pdc,-4.00,0,10698
pdc,-4.00,0,10699
pdc,-4.00,0,10702
pdc,-4.00,0,10705
pdc,-4.00,0,10710
pdc,-4.00,0,10713
pdc,-4.00,0,10719
pdc,-4.00,0,10721
pdc,-4.00,0,10827
pdc,-4.00,0,10828
pdc,-4.00,0,10829
pdc,-4.00,0,10830
pdc,-4.00,0,10832
pdc,-4.00,0,10833
pdc,-4.00,0,10834
pdc,-4.00,0,10835
pdc,-4.00,0,10836
pdc,-4.00,0,10837
pdc,-4.00,0,10838
pdc,-4.00,0,10839
pdc,-4.00,0,10840
pdc,-4.00,0,10841
pdc,-4.00,0,10848
pdc,-4.00,0,10849
pdc,-4.00,0,10850
pdc,-4.00,0,10851
pdc,-4.00,0,10853
pdc,-4.00,0,10854
pdc,-4.00,0,10855
pdc,-4.00,0,10860
pdc,-4.00,0,10861
pdc,-4.00,0,10862
pdc,-4.00,0,10863
pdc,-4.00,0,10869
pdc,-4.00,0,10870
pdc,-4.00,0,10891
pdc,-4.00,0,10916
pdc,-4.00,0,10935
pdc,-4.00,0,10938
pdc,-4.00,0,10939
pdc,-4.00,0,10940
pdc,-4.00,0,10941
pdc,-4.00,0,10942
pdc,-4.00,0,10943
pdc,-4.00,0,10944
pdc,-4.00,0,10945
pdc,-4.00,0,10968
pdc,-4.00,0,10969
pdc,-4.00,0,10979
pdc,-4.00,0,10994
pdc,-4.00,0,10995
pdc,-4.00,0,10997
pdc,-4.00,0,10998
pdc,-4.00,0,10999
pdc,-4.00,0,11005
pdc,-4.00,0,11043
pdc,-4.00,0,11045
pdc,-4.00,0,11048
pdc,-4.00,0,11049
pdc,-4.00,0,11053
pdc,-4.00,0,11054
pdc,-4.00,0,11056
pdc,-4.00,0,11057
pdc,-4.00,0,11059
pdc,-4.00,0,11060
pdc,-4.00,0,11061
pdc,-4.00,0,11062
pdc,-4.00,0,11064
pdc,-4.00,0,11065
pdc,-4.00,0,11066
pdc,-4.00,0,11067
pdc,-4.00,0,11068
pdc,-4.00,0,11069
pdc,-4.00,0,11070
pdc,-4.00,0,11071
pdc,-4.00,0,11073
pdc,-4.00,0,11074
pdc,-4.00,0,11076
pdc,-4.00,0,11077
pdc,-4.00,0,11078
pdc,-4.00,0,11080
pdc,-4.00,0,11081
pdc,-4.00,0,11082
pdc,-4.00,0,11083
pdc,-4.00,0,11084
pdc,-4.00,0,11088
pdc,-4.00,0,11089
pdc,-4.00,0,11090
pdc,-4.00,0,11091
pdc,-4.00,0,11092
pdc,-4.00,0,11094
pdc,-4.00,0,11095
pdc,-4.00,0,11096
pdc,-4.00,0,11097
pdc,-4.00,0,11104
pdc,-4.00,0,11145
pdc,-4.00,0,11148
pdc,-4.00,0,11153
pdc,-4.00,0,11154
pdc,-4.00,0,11194
pdc,-4.00,0,11196
pdc,-4.00,0,11227
pdc,-4.00,0,11228
pdc,-4.00,0,11236
pdc,-4.00,0,11237
pdc,-4.00,0,11238
pdc,-4.00,0,11239
pdc,-4.00,0,11240
pdc,-4.00,0,11241
pdc,-4.00,0,11250
pdc,-4.00,0,11322
pdc,-4.00,0,11323
pdc,-4.00,0,11332
pdc,-4.00,0,11336
pdc,-4.00,0,11376
pdc,-4.00,0,11377
pdc,-4.00,0,11378
pdc,-4.00,0,11381
pdc,-4.00,0,11382
pdc,-4.00,0,11384
pdc,-4.00,0,11385
pdc,-4.00,0,11386
pdc,-4.00,0,11390
pdc,-4.00,0,11435
pdc,-4.00,0,11436
pdc,-4.00,0,11437
pdc,-4.00,0,11438
pdc,-4.00,0,11439
pdc,-4.00,0,11440
pdc,-4.00,0,11441
pdc,-4.00,0,11442
pdc,-4.00,0,11443
pdc,-4.00,0,11444
pdc,-4.00,0,11446
pdc,-4.00,0,11447
pdc,-4.00,0,11448
pdc,-4.00,0,11449
pdc,-4.00,0,11450
pdc,-4.00,0,11451
pdc,-4.00,0,11452
pdc,-4.00,0,11453
pdc,-4.00,0,11454
pdc,-4.00,0,11456
pdc,-4.00,0,11457
pdc,-4.00,0,11467
pdc,-4.00,0,11468
pdc,-4.00,0,11469
pdc,-4.00,0,11470
pdc,-4.00,0,11471
pdc,-4.00,0,11472
pdc,-4.00,0,11473
pdc,-4.00,0,11474
pdc,-4.00,0,11481
pdc,-4.00,0,11525
pdc,-4.00,0,11526
pdc,-4.00,0,11570
pdc,-4.00,0,11674
pdc,-4.00,0,11675
pdc,-4.00,0,11676
pdc,-4.00,0,11677
pdc,-4.00,0,11678
pdc,-4.00,0,11691
pdc,-4.00,0,11692
pdc,-4.00,0,11693
pdc,-4.00,0,11696
pdc,-4.00,0,11698
pdc,-4.00,0,11699
pdc,-4.00,0,11700
pdc,-4.00,0,11701
pdc,-4.00,0,11702
pdc,-4.00,0,11703
pdc,-4.00,0,11705
pdc,-4.00,0,11717
pdc,-4.00,0,11730
pdc,-4.00,0,11733
pdc,-4.00,0,11769
pdc,-4.00,0,11784
pdc,-4.00,0,11785
pdc,-4.00,0,11795
pdc,-4.00,0,11796
pdc,-4.00,0,11797
pdc,-4.00,0,11799
pdc,-4.00,0,11800
pdc,-4.00,0,11801
pdc,-4.00,0,11853
pdc,-4.00,0,11854
pdc,-4.00,0,11855
pdc,-4.00,0,11862
pdc,-4.00,0,11863
pdc,-4.00,0,11866
pdc,-4.00,0,11868
pdc,-4.00,0,11869
pdc,-4.00,0,11871
pdc,-4.00,0,11872
pdc,-4.00,0,11875
pdc,-4.00,0,11876
pdc,-4.00,0,11877
pdc,-4.00,0,11879
pdc,-4.00,0,11880
pdc,-4.00,0,11881
pdc,-4.00,0,11882
pdc,-4.00,0,11883
pdc,-4.00,0,11886
pdc,-4.00,0,11887
pdc,-4.00,0,11888
pdc,-4.00,0,11889
pdc,-4.00,0,11890
pdc,-4.00,0,11891
pdc,-4.00,0,11892
pdc,-4.00,0,11893
pdc,-4.00,0,11894
pdc,-4.00,0,11895
pdc,-4.00,0,11896
pdc,-4.00,0,11897
pdc,-4.00,0,11898
pdc,-4.00,0,11908
pdc,-4.00,0,11926
pdc,-4.00,0,11930
pdc,-4.00,0,11939
pdc,-4.00,0,11941
pdc,-4.00,0,11942
pdc,-4.00,0,11944
pdc,-4.00,0,11945
pdc,-4.00,0,11946
pdc,-4.00,0,11957
pdc,-4.00,0,11958
pdc,-4.00,0,11959
pdc,-4.00,0,11986
pdc,-4.00,0,11988
pdc,-4.00,0,11991
pdc,-4.00,0,11995
pdc,-4.00,0,11996
pdc,-4.00,0,11997
pdc,-4.00,0,12001
pdc,-4.00,0,12011
pdc,-4.00,0,12053
pdc,-4.00,0,12059
pdc,-4.00,0,12060
pdc,-4.00,0,12062
pdc,-4.00,0,12064
pdc,-4.00,0,12065
pdc,-4.00,0,12073
pdc,-4.00,0,12083
pdc,-4.00,0,12097
pdc,-4.00,0,12127
pdc,-4.00,0,12137
pdc,-4.00,0,12163
pdc,-4.00,0,12168
pdc,-4.00,0,12171
pdc,-4.00,0,12172
pdc,-4.00,0,12173
pdc,-4.00,0,12174
pdc,-4.00,0,12175
pdc,-4.00,0,12177
pdc,-4.00,0,12178
pdc,-4.00,0,12179
pdc,-4.00,0,12180
pdc,-4.00,0,12181
pdc,-4.00,0,12182
pdc,-4.00,0,12183
pdc,-4.00,0,12185
pdc,-4.00,0,12186
pdc,-4.00,0,12187
pdc,-4.00,0,12188
pdc,-4.00,0,12190
pdc,-4.00,0,12192
pdc,-4.00,0,12193
pdc,-4.00,0,12197
pdc,-4.00,0,12241
pdc,-4.00,0,12243
pdc,-4.00,0,12244
pdc,-4.00,0,12286
pdc,-4.00,0,12291
pdc,-4.00,0,12292
pdc,-4.00,0,12293
pdc,-4.00,0,12294
pdc,-4.00,0,12295
pdc,-4.00,0,12296
pdc,-4.00,0,12297
pdc,-4.00,0,12298
pdc,-4.00,0,12340
pdc,-4.00,0,12341
pdc,-4.00,0,12344
pdc,-4.00,0,12353
pdc,-4.00,0,12354
pdc,-4.00,0,12373
pdc,-4.00,0,12374
pdc,-4.00,0,12378
pdc,-4.00,0,12380
pdc,-4.00,0,12381
pdc,-4.00,0,12402
pdc,-4.00,0,12403
pdc,-4.00,0,12404
pdc,-4.00,0,12405
pdc,-4.00,0,12406
pdc,-4.00,0,12407
pdc,-4.00,0,12408
pdc,-4.00,0,12409
pdc,-4.00,0,12427
pdc,-4.00,0,12428
pdc,-4.00,0,12431
pdc,-4.00,0,12432
pdc,-4.00,0,12436
pdc,-4.00,0,12437
pdc,-4.00,0,12438
pdc,-4.00,0,12439
pdc,-4.00,0,12440
pdc,-4.00,0,12441
pdc,-4.00,0,12442
pdc,-4.00,0,12515
pdc,-4.00,0,12516
pdc,-4.00,0,12517
pdc,-4.00,0,12518
pdc,-4.00,0,12519
pdc,-4.00,0,12520
pdc,-4.00,0,12521
pdc,-4.00,0,12522
pdc,-4.00,0,12523
pdc,-4.00,0,12524
pdc,-4.00,0,12531
pdc,-4.00,0,12570
pdc,-4.00,0,12571
pdc,-4.00,0,12575
pdc,-4.00,0,12576
pdc,-4.00,0,12577
pdc,-4.00,0,12587
pdc,-4.00,0,12588
pdc,-4.00,0,12589
pdc,-4.00,0,12595
pdc,-4.00,0,12599
pdc,-4.00,0,12600
pdc,-4.00,0,12601
pdc,-4.00,0,12641
pdc,-4.00,0,12642
pdc,-4.00,0,12643
pdc,-4.00,0,12644
pdc,-4.00,0,12645
pdc,-4.00,0,12646
pdc,-4.00,0,12648
pdc,-4.00,0,12657
pdc,-4.00,0,12661
pdc,-4.00,0,12662
pdc,-4.00,0,12663
pdc,-4.00,0,12664
pdc,-4.00,0,12665
pdc,-4.00,0,12670
pdc,-4.00,0,12714
pdc,-4.00,0,12723
pdc,-4.00,0,12724
pdc,-4.00,0,12725
pdc,-4.00,0,12767
pdc,-4.00,0,12768
pdc,-4.00,0,12769
pdc,-4.00,0,12770
pdc,-4.00,0,12771
pdc,-4.00,0,12772
pdc,-4.00,0,12773
pdc,-4.00,0,12774
pdc,-4.00,0,12775
pdc,-4.00,0,12776
pdc,-4.00,0,12777
pdc,-4.00,0,12778
pdc,-4.00,0,12779
pdc,-4.00,0,12780
pdc,-4.00,0,12781
pdc,-4.00,0,12782
pdc,-4.00,0,12783
pdc,-4.00,0,12784
pdc,-4.00,0,12785
pdc,-4.00,0,12812
pdc,-4.00,0,12835
pdc,-4.00,0,12836
pdc,-4.00,0,12837
pdc,-4.00,0,12838
pdc,-4.00,0,12839
pdc,-4.00,0,12840
pdc,-4.00,0,12841
pdc,-4.00,0,12842
pdc,-4.00,0,12850
pdc,-4.00,0,12851
pdc,-4.00,0,12852
pdc,-4.00,0,12854
pdc,-4.00,0,12855
pdc,-4.00,0,12856
pdc,-4.00,0,12857
pdc,-4.00,0,12858
pdc,-4.00,0,12860
pdc,-4.00,0,12862
pdc,-4.00,0,12864
pdc,-4.00,0,12865
pdc,-4.00,0,12866
pdc,-4.00,0,12867
pdc,-4.00,0,12870
pdc,-4.00,0,12871
pdc,-4.00,0,12874
pdc,-4.00,0,12875
pdc,-4.00,0,12903
pdc,-4.00,0,12906
pdc,-4.00,0,12911
pdc,-4.00,0,12912
pdc,-4.00,0,12916
pdc,-4.00,0,12919
pdc,-4.00,0,12960
pdc,-4.00,0,12961
pdc,-4.00,0,12962
pdc,-4.00,0,12965
pdc,-4.00,0,12966
pdc,-4.00,0,12967
pdc,-4.00,0,12968
pdc,-4.00,0,12971
pdc,-4.00,0,12977
pdc,-4.00,0,12978
pdc,-4.00,0,13029
pdc,-4.00,0,13030
pdc,-4.00,0,13075
pdc,-4.00,0,13076
pdc,-4.00,0,13077
pdc,-4.00,0,13078
pdc,-4.00,0,13079
pdc,-4.00,0,13080
pdc,-4.00,0,13081
pdc,-4.00,0,13084
pdc,-4.00,0,13085
pdc,-4.00,0,13086
pdc,-4.00,0,13087
pdc,-4.00,0,13088
pdc,-4.00,0,13128
pdc,-4.00,0,13130
pdc,-4.00,0,13133
pdc,-4.00,0,13135
pdc,-4.00,0,13139
pdc,-4.00,0,13143
pdc,-4.00,0,13144
pdc,-4.00,0,13151
pdc,-4.00,0,13152
pdc,-4.00,0,13156
pdc,-4.00,0,13157
pdc,-4.00,0,13158
pdc,-4.00,0,13159
pdc,-4.00,0,13160
pdc,-4.00,0,13161
pdc,-4.00,0,13162
pdc,-4.00,0,13171
pdc,-4.00,0,13172
pdc,-4.00,0,13182
pdc,-4.00,0,13214
pdc,-4.00,0,13227
pdc,-4.00,0,13228
pdc,-4.00,0,13229
pdc,-4.00,0,13230
pdc,-4.00,0,13232
pdc,-4.00,0,13233
pdc,-4.00,0,13276
pdc,-4.00,0,13279
pdc,-4.00,0,13280
pdc,-4.00,0,13281
pdc,-4.00,0,13282
pdc,-4.00,0,13283
pdc,-4.00,0,13285
pdc,-4.00,0,13286
pdc,-4.00,0,13287
pdc,-4.00,0,13288
pdc,-4.00,0,13290
pdc,-4.00,0,13291
pdc,-4.00,0,13292
pdc,-4.00,0,13293
pdc,-4.00,0,13294
pdc,-4.00,0,13295
pdc,-4.00,0,13296
pdc,-4.00,0,13297
pdc,-4.00,0,13298
pdc,-4.00,0,13304
pdc,-4.00,0,13305
pdc,-4.00,0,13327
pdc,-4.00,0,13346
pdc,-4.00,0,13389
pdc,-4.00,0,13390
pdc,-4.00,0,13431
pdc,-4.00,0,13434
pdc,-4.00,0,13436
pdc,-4.00,0,13437
pdc,-4.00,0,13438
pdc,-4.00,0,13439
pdc,-4.00,0,13441
pdc,-4.00,0,13447
pdc,-4.00,0,13448
pdc,-4.00,0,13453
pdc,-4.00,0,13454
pdc,-4.00,0,13455
pdc,-4.00,0,13464
pdc,-4.00,0,13467
pdc,-4.00,0,13515
pdc,-4.00,0,13516
pdc,-4.00,0,13517
pdc,-4.00,0,13518
pdc,-4.00,0,13519
pdc,-4.00,0,13520
pdc,-4.00,0,13521
pdc,-4.00,0,13523
pdc,-4.00,0,13551
pdc,-4.00,0,13562
pdc,-4.00,0,13566
pdc,-4.00,0,13571
pdc,-4.00,0,13572
pdc,-4.00,0,13573
pdc,-4.00,0,13575
pdc,-4.00,0,13576
pdc,-4.00,0,13577
pdc,-4.00,0,13582
pdc,-4.00,0,13585
pdc,-4.00,0,13630
pdc,-4.00,0,13631
pdc,-4.00,0,13642
pdc,-4.00,0,13644
pdc,-4.00,0,13691
pdc,-4.00,0,13692
pdc,-4.00,0,13693
pdc,-4.00,0,13694
pdc,-4.00,0,13695
pdc,-4.00,0,13696
pdc,-4.00,0,13697
pdc,-4.00,0,13698
pdc,-4.00,0,13700
pdc,-4.00,0,13701
pdc,-4.00,0,13702
pdc,-4.00,0,13704
pdc,-4.00,0,13706
pdc,-4.00,0,13707
pdc,-4.00,0,13708
pdc,-4.00,0,13709
pdc,-4.00,0,13710
pdc,-4.00,0,13711
pdc,-4.00,0,13712
pdc,-4.00,0,13713
pdc,-4.00,0,13715
pdc,-4.00,0,13716
pdc,-4.00,0,13718
pdc,-4.00,0,13719
pdc,-4.00,0,13720
pdc,-4.00,0,13723
pdc,-4.00,0,13724
pdc,-4.00,0,13725
pdc,-4.00,0,13726
pdc,-4.00,0,13727
pdc,-4.00,0,13728
pdc,-4.00,0,13729
pdc,-4.00,0,13750
pdc,-4.00,0,13772
pdc,-4.00,0,13779
pdc,-4.00,0,13780
pdc,-4.00,0,13781
pdc,-4.00,0,13783
pdc,-4.00,0,13784
pdc,-4.00,0,13785
pdc,-4.00,0,13932
pdc,-4.00,0,13941
pdc,-4.00,0,13943
pdc,-4.00,0,13944
pdc,-4.00,0,13945
pdc,-4.00,0,13971
pdc,-4.00,0,13972
pdc,-4.00,0,13973
pdc,-4.00,0,13974
pdc,-4.00,0,13975
pdc,-4.00,0,13976
pdc,-4.00,0,13978
pdc,-4.00,0,13979
pdc,-4.00,0,13980
pdc,-4.00,0,13982
pdc,-4.00,0,13985
pdc,-4.00,0,14037
pdc,-4.00,0,14038
pdc,-4.00,0,14116
pdc,-4.00,0,14118
pdc,-4.00,0,14119
pdc,-4.00,0,14121
pdc,-4.00,0,14122
pdc,-4.00,0,14123
pdc,-4.00,0,14124
pdc,-4.00,0,14170
pdc,-4.00,0,14171
pdc,-4.00,0,14173
pdc,-4.00,0,14174
pdc,-4.00,0,14175
pdc,-4.00,0,14176
pdc,-4.00,0,14177
pdc,-4.00,0,14223
pdc,-4.00,0,14224
pdc,-4.00,0,14225
pdc,-4.00,0,14291
pdc,-4.00,0,14338
pdc,-4.00,0,14339
pdc,-4.00,0,14340
pdc,-4.00,0,14341
pdc,-4.00,0,14342
pdc,-4.00,0,14345
pdc,-4.00,0,14346
pdc,-4.00,0,14347
pdc,-4.00,0,14348
pdc,-4.00,0,14349
pdc,-4.00,0,14350
pdc,-4.00,0,14351
pdc,-4.00,0,14352
pdc,-4.00,0,14353
pdc,-4.00,0,14396
pdc,-4.00,0,14398
pdc,-4.00,0,14405
pdc,-4.00,0,14413
pdc,-4.00,0,14415
pdc,-4.00,0,14418
pdc,-4.00,0,14419
pdc,-4.00,0,14420
pdc,-4.00,0,14426
pdc,-4.00,0,14427
pdc,-4.00,0,14428
pdc,-4.00,0,14445
pdc,-4.00,0,14450
pdc,-4.00,0,14459
pdc,-4.00,0,14460
pdc,-4.00,0,14461
pdc,-4.00,0,14462
pdc,-4.00,0,14463
pdc,-4.00,0,14464
pdc,-4.00,0,14465
pdc,-4.00,0,14466
pdc,-4.00,0,14486
pdc,-4.00,0,14488
pdc,-4.00,0,14747
pdc,-4.00,0,14748
pdc,-4.00,0,14750
pdc,-4.00,0,14751
pdc,-4.00,0,14752
pdc,-4.00,0,14753
pdc,-4.00,0,14775
pdc,-4.00,0,14779
pdc,-4.00,0,14780
pdc,-4.00,0,14781
pdc,-4.00,0,14782
pdc,-4.00,0,14783
pdc,-4.00,0,14784
pdc,-4.00,0,14790
pdc,-4.00,0,14791
pdc,-4.00,0,14814
pdc,-4.00,0,14834
pdc,-4.00,0,14835
pdc,-4.00,0,14836
pdc,-4.00,0,14840
pdc,-4.00,0,14846
pdc,-4.00,0,14853
pdc,-4.00,0,14854
pdc,-4.00,0,14864
pdc,-4.00,0,14865
pdc,-4.00,0,14867
pdc,-4.00,0,14916
pdc,-4.00,0,14917
pdc,-4.00,0,14923
pdc,-4.00,0,14924
pdc,-4.00,0,14925
pdc,-4.00,0,14926
pdc,-4.00,0,14927
pdc,-4.00,0,14941
pdc,-4.00,0,14942
pdc,-4.00,0,14970
pdc,-4.00,0,14975
pdc,-4.00,0,14979
pdc,-4.00,0,14986
pdc,-4.00,0,14987
pdc,-4.00,0,14988
pdc,-4.00,0,14996
pdc,-4.00,0,15054
pdc,-4.00,0,15107
pdc,-4.00,0,15108
pdc,-4.00,0,15109
pdc,-4.00,0,15110
pdc,-4.00,0,15111
pdc,-4.00,0,15112
pdc,-4.00,0,15113
pdc,-4.00,0,15114
pdc,-4.00,0,15159
pdc,-4.00,0,15160
pdc,-4.00,0,15165
pdc,-4.00,0,15166
pdc,-4.00,0,15167
pdc,-4.00,0,15168
pdc,-4.00,0,15169
pdc,-4.00,0,15172
pdc,-4.00,0,15173
pdc,-4.00,0,15174
pdc,-4.00,0,15218
pdc,-4.00,0,15225
pdc,-4.00,0,15226
pdc,-4.00,0,15227
pdc,-4.00,0,15228
pdc,-4.00,0,15230
pdc,-4.00,0,15233
pdc,-4.00,0,15245
pdc,-4.00,0,15268
pdc,-4.00,0,15269
pdc,-4.00,0,15587
pdc,-4.00,0,15595
pdc,-4.00,0,15601
pdc,-4.00,0,15618
pdc,-4.00,0,15652
pdc,-4.00,0,15653
pdc,-4.00,0,15654
pdc,-4.00,0,15656
pdc,-4.00,0,15658
pdc,-4.00,0,15663
pdc,-4.00,0,15666
pdc,-4.00,0,15667
pdc,-4.00,0,15668
pdc,-4.00,0,15669
pdc,-4.00,0,15670
pdc,-4.00,0,15671
pdc,-4.00,0,15672
pdc,-4.00,0,15673
pdc,-4.00,0,15674
pdc,-4.00,0,15699
pdc,-4.00,0,15704
pdc,-4.00,0,15723
pdc,-4.00,0,15724
pdc,-4.00,0,15725
pdc,-4.00,0,15726
pdc,-4.00,0,15728
pdc,-4.00,0,15729
pdc,-4.00,0,15734
pdc,-4.00,0,15735
pdc,-4.00,0,15736
pdc,-4.00,0,15737
pdc,-4.00,0,15738
pdc,-4.00,0,15751
pdc,-4.00,0,15753
pdc,-4.00,0,15755
pdc,-4.00,0,15756
pdc,-4.00,0,15758
pdc,-4.00,0,15760
pdc,-4.00,0,15763
pdc,-4.00,0,15764
pdc,-4.00,0,15765
pdc,-4.00,0,15766
pdc,-4.00,0,15767
pdc,-4.00,0,15768
pdc,-4.00,0,15769
pdc,-4.00,0,15770
pdc,-4.00,0,15774
pdc,-4.00,0,15794
pdc,-4.00,0,15796
pdc,-4.00,0,15802
pdc,-4.00,0,15803
pdc,-4.00,0,15804
pdc,-4.00,0,15805
pdc,-4.00,0,15806
pdc,-4.00,0,15807
pdc,-4.00,0,15808
pdc,-4.00,0,15809
pdc,-4.00,0,15810
pdc,-4.00,0,15811
pdc,-4.00,0,15813
pdc,-4.00,0,15814
pdc,-4.00,0,15818
pdc,-4.00,0,15819
pdc,-4.00,0,15820
pdc,-4.00,0,15821
pdc,-4.00,0,15822
pdc,-4.00,0,15824
pdc,-4.00,0,15828
pdc,-4.00,0,15842
pdc,-4.00,0,15843
pdc,-4.00,0,15865
pdc,-4.00,0,15875
pdc,-4.00,0,15883
pdc,-4.00,0,15884
pdc,-4.00,0,15885
pdc,-4.00,0,15886
pdc,-4.00,0,15887
pdc,-4.00,0,15891
pdc,-4.00,0,15892
pdc,-4.00,0,15893
pdc,-4.00,0,15894
pdc,-4.00,0,15895
pdc,-4.00,0,15896
pdc,-4.00,0,15897
pdc,-4.00,0,15898
pdc,-4.00,0,15905
pdc,-4.00,0,15930
pdc,-4.00,0,15938
pdc,-4.00,0,15939
pdc,-4.00,0,15940
pdc,-4.00,0,15941
pdc,-4.00,0,15942
pdc,-4.00,0,15943
pdc,-4.00,0,15944
pdc,-4.00,0,15945
pdc,-4.00,0,15946
pdc,-4.00,0,15947
pdc,-4.00,0,15948
pdc,-4.00,0,15949
pdc,-4.00,0,15951
pdc,-4.00,0,15952
pdc,-4.00,0,15953
pdc,-4.00,0,15956
pdc,-4.00,0,15958
pdc,-4.00,0,15959
pdc,-4.00,0,15960
pdc,-4.00,0,15961
pdc,-4.00,0,15962
pdc,-4.00,0,15987
pdc,-4.00,0,15988
pdc,-4.00,0,15989
pdc,-4.00,0,15990
pdc,-4.00,0,15991
pdc,-4.00,0,15997
pdc,-4.00,0,16007
pdc,-4.00,0,16033
pdc,-4.00,0,16049
pdc,-4.00,0,16076
pdc,-4.00,0,16082
pdc,-4.00,0,16084
pdc,-4.00,0,16086
pdc,-4.00,0,16088
pdc,-4.00,0,16089
pdc,-4.00,0,16090
pdc,-4.00,0,16091
pdc,-4.00,0,16092
pdc,-4.00,0,16093
pdc,-4.00,0,16096
pdc,-4.00,0,16097
pdc,-4.00,0,16099
pdc,-4.00,0,16101
pdc,-4.00,0,16102
pdc,-4.00,0,16105
pdc,-4.00,0,16115
pdc,-4.00,0,16119
pdc,-4.00,0,16129
pdc,-4.00,0,16130
pdc,-4.00,0,16139
pdc,-4.00,0,16151
pdc,-4.00,0,16201
pdc,-4.00,0,16203
pdc,-4.00,0,16209
pdc,-4.00,0,16214
pdc,-4.00,0,16215
pdc,-4.00,0,16233
pdc,-4.00,0,16259
pdc,-4.00,0,16263
pdc,-4.00,0,16264
pdc,-4.00,0,16265
pdc,-4.00,0,16296
pdc,-4.00,0,16308
pdc,-4.00,0,16309
pdc,-4.00,0,16310
pdc,-4.00,0,16311
pdc,-4.00,0,16312
pdc,-4.00,0,16313
pdc,-4.00,0,16315
pdc,-4.00,0,16316
pdc,-4.00,0,16317
pdc,-4.00,0,16318
pdc,-4.00,0,16319
pdc,-4.00,0,16320
pdc,-4.00,0,16363
pdc,-4.00,0,16371
pdc,-4.00,0,16372
pdc,-4.00,0,16374
pdc,-4.00,0,16375
pdc,-4.00,0,16376
pdc,-4.00,0,16377
pdc,-4.00,0,16383
pdc,-4.00,0,16384
pdc,-4.00,0,16396
pdc,-4.00,0,16418
pdc,-4.00,0,16427
pdc,-4.00,0,16428
pdc,-4.00,0,16429
pdc,-4.00,0,16430
pdc,-4.00,0,16431
pdc,-4.00,0,16432
pdc,-4.00,0,16439
pdc,-4.00,0,16440
pdc,-4.00,0,16441
pdc,-4.00,0,16443
pdc,-4.00,0,16444
pdc,-4.00,0,16447
pdc,-4.00,0,16448
pdc,-4.00,0,16449
pdc,-4.00,0,16450
pdc,-4.00,0,16458
pdc,-4.00,0,16459
pdc,-4.00,0,16462
pdc,-4.00,0,16463
pdc,-4.00,0,16464
pdc,-4.00,0,16466
pdc,-4.00,0,16467
pdc,-4.00,0,16468
pdc,-4.00,0,16503
pdc,-4.00,0,16516
pdc,-4.00,0,16517
pdc,-4.00,0,16519
pdc,-4.00,0,16520
pdc,-4.00,0,16521
pdc,-4.00,0,16541
pdc,-4.00,0,16576
pdc,-4.00,0,16577
pdc,-4.00,0,16596
pdc,-4.00,0,16598
pdc,-4.00,0,16599
pdc,-4.00,0,16601
pdc,-4.00,0,16602
pdc,-4.00,0,16603
pdc,-4.00,0,16604
pdc,-4.00,0,16605
pdc,-4.00,0,16606
pdc,-4.00,0,16609
pdc,-4.00,0,16615
pdc,-4.00,0,16627
pdc,-4.00,0,16628
pdc,-4.00,0,16629
pdc,-4.00,0,16630
pdc,-4.00,0,16631
pdc,-4.00,0,16633
pdc,-4.00,0,16655
pdc,-4.00,0,16662
pdc,-4.00,0,16663
pdc,-4.00,0,16664
pdc,-4.00,0,16665
pdc,-4.00,0,16666
pdc,-4.00,0,16696
pdc,-4.00,0,16698
pdc,-4.00,0,16700
pdc,-4.00,0,16701
pdc,-4.00,0,16702
pdc,-4.00,0,16703
pdc,-4.00,0,16704
pdc,-4.00,0,16707
pdc,-4.00,0,16708
pdc,-4.00,0,16711
pdc,-4.00,0,16719
pdc,-4.00,0,16720
pdc,-4.00,0,16722
pdc,-4.00,0,16723
pdc,-4.00,0,16724
pdc,-4.00,0,16728
pdc,-4.00,0,16729
pdc,-4.00,0,16731
pdc,-4.00,0,16732
pdc,-4.00,0,16733
pdc,-4.00,0,16734
pdc,-4.00,0,16735
pdc,-4.00,0,16736
pdc,-4.00,0,16737
pdc,-4.00,0,16738
pdc,-4.00,0,16739
pdc,-4.00,0,16740
pdc,-4.00,0,16741
pdc,-4.00,0,16742
pdc,-4.00,0,16743
pdc,-4.00,0,16744
pdc,-4.00,0,16745
pdc,-4.00,0,16746
pdc,-4.00,0,16747
pdc,-4.00,0,16748
pdc,-4.00,0,16794
pdc,-4.00,0,16795
pdc,-4.00,0,16796
pdc,-4.00,0,16797
pdc,-4.00,0,16798
pdc,-4.00,0,16799
pdc,-4.00,0,16800
pdc,-4.00,0,16801
pdc,-4.00,0,16802
pdc,-4.00,0,16803
pdc,-4.00,0,16804
pdc,-4.00,0,16805
pdc,-4.00,0,16806
pdc,-4.00,0,16807
pdc,-4.00,0,16808
pdc,-4.00,0,16809
pdc,-4.00,0,16810
pdc,-4.00,0,16818
pdc,-4.00,0,16820
pdc,-4.00,0,16821
pdc,-4.00,0,16822
pdc,-4.00,0,16830
pdc,-4.00,0,16831
pdc,-4.00,0,16832
pdc,-4.00,0,16833
pdc,-4.00,0,16834
pdc,-4.00,0,16835
pdc,-4.00,0,16836
pdc,-4.00,0,16837
pdc,-4.00,0,16838
pdc,-4.00,0,16839
pdc,-4.00,0,16840
pdc,-4.00,0,16841
pdc,-4.00,0,16842
pdc,-4.00,0,16859
pdc,-4.00,0,16862
pdc,-4.00,0,16863
pdc,-4.00,0,16864
pdc,-4.00,0,16868
pdc,-4.00,0,16869
pdc,-4.00,0,16870
pdc,-4.00,0,16872
pdc,-4.00,0,16873
pdc,-4.00,0,16874
pdc,-4.00,0,16875
pdc,-4.00,0,16876
pdc,-4.00,0,16877
pdc,-4.00,0,16878
pdc,-4.00,0,16879
pdc,-4.00,0,16882
pdc,-4.00,0,16883
pdc,-4.00,0,16884
pdc,-4.00,0,16885
pdc,-4.00,0,16886
pdc,-4.00,0,16887
pdc,-4.00,0,16888
pdc,-4.00,0,16894
pdc,-4.00,0,16895
pdc,-4.00,0,16899
pdc,-4.00,0,16902
pdc,-4.00,0,16903
pdc,-4.00,0,16904
pdc,-4.00,0,16910
pdc,-4.00,0,16911
pdc,-4.00,0,16949
pdc,-4.00,0,16950
pdc,-4.00,0,16951
pdc,-4.00,0,16952
pdc,-4.00,0,16984
pdc,-4.00,0,16993
pdc,-4.00,0,16994
pdc,-4.00,0,16995
pdc,-4.00,0,16996
pdc,-4.00,0,16999
pdc,-4.00,0,17000
pdc,-4.00,0,17001
pdc,-4.00,0,17006
pdc,-4.00,0,17007
pdc,-4.00,0,17009
pdc,-4.00,0,17048
pdc,-4.00,0,17054
pdc,-4.00,0,17055
pdc,-4.00,0,17056
pdc,-4.00,0,17059
pdc,-4.00,0,17060
pdc,-4.00,0,17061
pdc,-4.00,0,17062
pdc,-4.00,0,17063
pdc,-4.00,0,17064
pdc,-4.00,0,17065
pdc,-4.00,0,17066
pdc,-4.00,0,17067
pdc,-4.00,0,17068
pdc,-4.00,0,17069
pdc,-4.00,0,17070
pdc,-4.00,0,17071
pdc,-4.00,0,17072
pdc,-4.00,0,17073
pdc,-4.00,0,17074
pdc,-4.00,0,17075
pdc,-4.00,0,17360
pdc,-4.00,0,17392
pdc,-4.00,0,17396
pdc,-4.00,0,17400
pdc,-4.00,0,17401
pdc,-4.00,0,17402
pdc,-4.00,0,17409
pdc,-4.00,0,17410
pdc,-4.00,0,17412
pdc,-4.00,0,17427
pdc,-4.00,0,17438
pdc,-4.00,0,17487
pdc,-4.00,0,17488
pdc,-4.00,0,17489
pdc,-4.00,0,17490
pdc,-4.00,0,17491
pdc,-4.00,0,17492
pdc,-4.00,0,17493
pdc,-4.00,0,17494
pdc,-4.00,0,17495
pdc,-4.00,0,17496
pdc,-4.00,0,17497
pdc,-4.00,0,17499
pdc,-4.00,0,17542
pdc,-4.00,0,17545
pdc,-4.00,0,17546
pdc,-4.00,0,17547
pdc,-4.00,0,17684
pdc,-4.00,0,17685
pdc,-4.00,0,17686
pdc,-4.00,0,17687
pdc,-4.00,0,17688
pdc,-4.00,0,17692
pdc,-4.00,0,17693
pdc,-4.00,0,17698
pdc,-4.00,0,17699
pdc,-4.00,0,17701
pdc,-4.00,0,17702
pdc,-4.00,0,17703
pdc,-4.00,0,17704
pdc,-4.00,0,17705
pdc,-4.00,0,17706
pdc,-4.00,0,17707
pdc,-4.00,0,17708
pdc,-4.00,0,17709
pdc,-4.00,0,17710
pdc,-4.00,0,17711
pdc,-4.00,0,17712
pdc,-4.00,0,17713
pdc,-4.00,0,17715
pdc,-4.00,0,17719
pdc,-4.00,0,17720
pdc,-4.00,0,17721
pdc,-4.00,0,17801
pdc,-4.00,0,17802
pdc,-4.00,0,17803
pdc,-4.00,0,17804
pdc,-4.00,0,17806
pdc,-4.00,0,17811
pdc,-4.00,0,17812
pdc,-4.00,0,17824
pdc,-4.00,0,17948
pdc,-4.00,0,17950
pdc,-4.00,0,17955
pdc,-4.00,0,17967
pdc,-4.00,0,17979
pdc,-4.00,0,17983
pdc,-4.00,0,18015
pdc,-4.00,0,18044
pdc,-4.00,0,18045
pdc,-4.00,0,18063
pdc,-4.00,0,18064
pdc,-4.00,0,18065
pdc,-4.00,0,18082
pdc,-4.00,0,18085
pdc,-4.00,0,18096
pdc,-25.00,0,3523
pdc,-25.00,0,3526
pdc,-25.00,0,3527
pdc,-25.00,0,3528
pdc,-25.00,0,3529
pdc,-25.00,0,3530
pdc,-25.00,0,3531
pdc,-25.00,0,3535
pdc,-25.00,0,3536
pdc,-25.00,0,3537
pdc,-25.00,0,3538
pdc,-25.00,0,3539
pdc,-25.00,0,3540
pdc,-25.00,0,3543
pdc,-25.00,0,3546
pdc,-25.00,0,3547
pdc,-25.00,0,3549
pdc,-25.00,0,3567
pdc,-25.00,0,3568
pdc,-25.00,0,3569
pdc,-25.00,0,3570
pdc,-25.00,0,3571
pdc,-25.00,0,3572
pdc,-25.00,0,3573
pdc,-25.00,0,3578
pdc,-25.00,0,3588
pdc,-25.00,0,3591
pdc,-25.00,0,3596
pdc,-25.00,0,3597
pdc,-25.00,0,3599
pdc,-25.00,0,3626
pdc,-25.00,0,3629
pdc,-25.00,0,3631
pdc,-25.00,0,3644
pdc,-25.00,0,3653
pdc,-25.00,0,3727
pdc,-25.00,0,3728
pdc,-25.00,0,3735
pdc,-25.00,0,3736
pdc,-25.00,0,3737
pdc,-25.00,0,3738
pdc,-25.00,0,3739
pdc,-25.00,0,3740
pdc,-25.00,0,3741
pdc,-25.00,0,3742
pdc,-25.00,0,3743
pdc,-25.00,0,3744
pdc,-25.00,0,3745
pdc,-25.00,0,3746
pdc,-25.00,0,3747
pdc,-25.00,0,3748
pdc,-25.00,0,3749
pdc,-25.00,0,3750
pdc,-25.00,0,3751
pdc,-25.00,0,3753
pdc,-25.00,0,3754
pdc,-25.00,0,3773
pdc,-25.00,0,3774
pdc,-25.00,0,3775
pdc,-25.00,0,3776
pdc,-25.00,0,3777
pdc,-25.00,0,3778
pdc,-25.00,0,3779
pdc,-25.00,0,3780
pdc,-25.00,0,3781
pdc,-25.00,0,3782
pdc,-25.00,0,3783
pdc,-25.00,0,3796
pdc,-25.00,0,3820
pdc,-25.00,0,3830
pdc,-25.00,0,3831
pdc,-25.00,0,3833
pdc,-25.00,0,3834
pdc,-25.00,0,3835
pdc,-25.00,0,3837
pdc,-25.00,0,3838
pdc,-25.00,0,3839
pdc,-25.00,0,3840
pdc,-25.00,0,3841
pdc,-25.00,0,3842
pdc,-25.00,0,3843
pdc,-25.00,0,3844
pdc,-25.00,0,3845
pdc,-25.00,0,3848
pdc,-25.00,0,3849
pdc,-25.00,0,3850
pdc,-25.00,0,3851
pdc,-25.00,0,3852
pdc,-25.00,0,3853
pdc,-25.00,0,3860
pdc,-25.00,0,3861
pdc,-25.00,0,3862
pdc,-25.00,0,3869
pdc,-25.00,0,3876
pdc,-25.00,0,3879
pdc,-25.00,0,3883
pdc,-25.00,0,3887
pdc,-25.00,0,3888
pdc,-25.00,0,3890
pdc,-25.00,0,3891
pdc,-25.00,0,3892
pdc,-25.00,0,3893
pdc,-25.00,0,3894
pdc,-25.00,0,3935
pdc,-25.00,0,3936
pdc,-25.00,0,3937
pdc,-25.00,0,3940
pdc,-25.00,0,3941
pdc,-25.00,0,3942
pdc,-25.00,0,3943
pdc,-25.00,0,3947
pdc,-25.00,0,3948
pdc,-25.00,0,3950
pdc,-25.00,0,3951
pdc,-25.00,0,3952
pdc,-25.00,0,3954
pdc,-25.00,0,3959
pdc,-25.00,0,3962
pdc,-25.00,0,3965
pdc,-25.00,0,3966
pdc,-25.00,0,3970
pdc,-25.00,0,3971
pdc,-25.00,0,3972
pdc,-25.00,0,3976
pdc,-25.00,0,3987
pdc,-25.00,0,3988
pdc,-25.00,0,3994
pdc,-25.00,0,4004
pdc,-25.00,0,4006
pdc,-25.00,0,4015
pdc,-25.00,0,4060
pdc,-25.00,0,4105
pdc,-25.00,0,4106
pdc,-25.00,0,4112
pdc,-25.00,0,4122
pdc,-25.00,0,4125
pdc,-25.00,0,4126
pdc,-25.00,0,4127
pdc,-25.00,0,4143
pdc,-25.00,0,4171
pdc,-25.00,0,4202
pdc,-25.00,0,4205
pdc,-25.00,0,4213
pdc,-25.00,0,4216
pdc,-25.00,0,4222
pdc,-25.00,0,4223
pdc,-25.00,0,4224
pdc,-25.00,0,4228
pdc,-25.00,0,4230
pdc,-25.00,0,4232
pdc,-25.00,0,4233
pdc,-25.00,0,4234
pdc,-25.00,0,4237
pdc,-25.00,0,4238
pdc,-25.00,0,4239
pdc,-25.00,0,4240
pdc,-25.00,0,4241
pdc,-25.00,0,4242
pdc,-25.00,0,4243
pdc,-25.00,0,4248
pdc,-25.00,0,4249
pdc,-25.00,0,4250
pdc,-25.00,0,4253
pdc,-25.00,0,4255
pdc,-25.00,0,4256
pdc,-25.00,0,4258
pdc,-25.00,0,4272
pdc,-25.00,0,4282
pdc,-25.00,0,4283
pdc,-25.00,0,4285
pdc,-25.00,0,4286
pdc,-25.00,0,4287
pdc,-25.00,0,4288
pdc,-25.00,0,4292
pdc,-25.00,0,4327
pdc,-25.00,0,4330
pdc,-25.00,0,4333
pdc,-25.00,0,4334
pdc,-25.00,0,4335
pdc,-25.00,0,4336
pdc,-25.00,0,4337
pdc,-25.00,0,4338
pdc,-25.00,0,4340
pdc,-25.00,0,4346
pdc,-25.00,0,4353
pdc,-4.00,0,1
pdc,-4.00,0,2
pdc,-4.00,0,3
pdc,-4.00,0,4
pdc,-4.00,0,52
pdc,1.00,0,2
pdc,1.00,0,3
pdc,1.00,0,128
pdc,1.00,0,131
pdc,1.00,0,132
pdc,1.00,0,133
pdc,1.00,0,134
pdc,1.00,0,135
pdc,1.00,0,136
pdc,1.00,0,137
pdc,1.00,0,141
pdc,1.00,0,142
pdc,1.00,0,143
pdc,1.00,0,145
pdc,1.00,0,147
pdc,1.00,0,148
pdc,1.00,0,151
pdc,1.00,0,152
pdc,1.00,0,156
pdc,1.00,0,157
pdc,1.00,0,158
pdc,1.00,0,159
pdc,1.00,0,160
pdc,1.00,0,551
pdc,1.00,0,1056
pdc,1.00,0,1223
pdc,1.00,0,1246
pdc,1.00,0,2672
pdc,1.00,0,9319
pdc,1.00,0,9630
pdc,1.00,0,2
pdc,1.00,0,4
pdc,1.00,0,11
pdc,1.00,0,13
pdc,1.00,0,36
pdc,1.00,0,48
pdc,1.00,0,49
pdc,1.00,0,570
pdc,1.00,0,824
pdc,1.00,0,879
pdc,1.00,0,978
pdc,1.00,0,979
pdc,1.00,0,980
pdc,1.00,0,1065
pdc,1.00,0,1783
pdc,1.00,0,1784
pdc,1.00,0,1785
pdc,1.00,0,1786
pdc,1.00,0,1790
pdc,1.00,0,1792
pdc,1.00,0,1793
pdc,1.00,0,1794
pdc,1.00,0,1795
pdc,1.00,0,1796
pdc,1.00,0,1797
pdc,1.00,0,1798
pdc,1.00,0,1799
pdc,1.00,0,1802
pdc,1.00,0,1806
pdc,1.00,0,1807
pdc,1.00,0,1810
pdc,1.00,0,1815
pdc,1.00,0,1819
pdc,1.00,0,1820
pdc,1.00,0,1821
pdc,1.00,0,1822
pdc,1.00,0,1823
pdc,1.00,0,1826
pdc,1.00,0,1830
pdc,1.00,0,1850
pdc,1.00,0,1851
pdc,1.00,0,1853
pdc,1.00,0,1854
pdc,1.00,0,1864
pdc,1.00,0,2131
pdc,1.00,0,2148
pdc,1.00,0,2249
pdc,1.00,0,2250
pdc,1.00,0,2256
pdc,1.00,0,2257
pdc,1.00,0,2258
pdc,1.00,0,2262
pdc,1.00,0,2263
pdc,1.00,0,2264
pdc,1.00,0,2265
pdc,1.00,0,2266
pdc,1.00,0,2267
pdc,1.00,0,2274
pdc,1.00,0,2275
pdc,1.00,0,2279
pdc,1.00,0,2280
pdc,1.00,0,2282
pdc,1.00,0,2283
pdc,1.00,0,2287
pdc,1.00,0,2288
pdc,1.00,0,2289
pdc,1.00,0,2290
pdc,1.00,0,2296
pdc,1.00,0,2304
pdc,1.00,0,2305
pdc,1.00,0,2306
pdc,1.00,0,2307
pdc,1.00,0,2316
pdc,1.00,0,2318
pdc,1.00,0,2319
pdc,1.00,0,2321
pdc,1.00,0,2323
pdc,1.00,0,2325
pdc,1.00,0,2326
pdc,1.00,0,2327
pdc,1.00,0,2335
pdc,1.00,0,2353
pdc,1.00,0,2354
pdc,1.00,0,2358
pdc,1.00,0,2958
pdc,1.00,0,2986
pdc,1.00,0,2995
pdc,1.00,0,2996
pdc,1.00,0,2997
pdc,1.00,0,3018
pdc,1.00,0,3019
pdc,1.00,0,3024
pdc,1.00,0,3025
pdc,1.00,0,3026
pdc,1.00,0,3027
pdc,1.00,0,3028
pdc,1.00,0,3029
pdc,1.00,0,3030
pdc,1.00,0,3031
pdc,1.00,0,3032
pdc,1.00,0,3033
pdc,1.00,0,3034
pdc,1.00,0,3035
pdc,1.00,0,3036
pdc,1.00,0,3037
pdc,1.00,0,3038
pdc,1.00,0,3039
pdc,1.00,0,3040
pdc,1.00,0,3041
pdc,1.00,0,3042
pdc,1.00,0,3043
pdc,1.00,0,3044
pdc,1.00,0,3045
pdc,1.00,0,3055
pdc,1.00,0,3058
pdc,1.00,0,3059
pdc,1.00,0,3060
pdc,1.00,0,3061
pdc,1.00,0,3062
pdc,1.00,0,3070
pdc,1.00,0,3117
pdc,1.00,0,3141
pdc,1.00,0,3144
pdc,1.00,0,3146
pdc,1.00,0,3147
pdc,1.00,0,3148
pdc,1.00,0,3149
pdc,1.00,0,3150
pdc,1.00,0,3151
pdc,1.00,0,3152
pdc,1.00,0,3153
pdc,1.00,0,3155
pdc,1.00,0,3156
pdc,1.00,0,3159
pdc,1.00,0,3160
pdc,1.00,0,3162
pdc,1.00,0,3163
pdc,1.00,0,3164
pdc,1.00,0,3165
pdc,1.00,0,3166
pdc,1.00,0,3170
pdc,1.00,0,3201
pdc,1.00,0,3202
pdc,1.00,0,3215
pdc,1.00,0,3216
pdc,1.00,0,3217
pdc,1.00,0,3218
pdc,1.00,0,3238
pdc,1.00,0,3250
pdc,1.00,0,3251
pdc,1.00,0,3253
pdc,1.00,0,3254
pdc,1.00,0,3255
pdc,1.00,0,3256
pdc,1.00,0,3258
pdc,1.00,0,3259
pdc,1.00,0,3261
pdc,1.00,0,3262
pdc,1.00,0,3263
pdc,1.00,0,3264
pdc,1.00,0,3265
pdc,1.00,0,3266
pdc,1.00,0,3267
pdc,1.00,0,3279
pdc,1.00,0,3367
pdc,1.00,0,3370
pdc,1.00,0,3371
pdc,1.00,0,3376
pdc,1.00,0,3377
pdc,1.00,0,3378
pdc,1.00,0,3379
pdc,1.00,0,3384
pdc,1.00,0,3385
pdc,1.00,0,3389
pdc,1.00,0,3394
pdc,1.00,0,3423
pdc,1.00,0,3433
pdc,1.00,0,3438
pdc,1.00,0,3443
pdc,1.00,0,3444
pdc,1.00,0,3445
pdc,1.00,0,3446
pdc,1.00,0,3447
pdc,1.00,0,3448
pdc,1.00,0,3449
pdc,1.00,0,3450
pdc,1.00,0,3455
pdc,1.00,0,3456
pdc,1.00,0,3461
pdc,1.00,0,3462
pdc,1.00,0,3464
pdc,1.00,0,3465
pdc,1.00,0,3466
pdc,1.00,0,3468
pdc,1.00,0,3469
pdc,1.00,0,3472
pdc,1.00,0,3473
pdc,1.00,0,3475
pdc,1.00,0,3476
pdc,1.00,0,3477
pdc,1.00,0,3478
pdc,1.00,0,3479
pdc,1.00,0,3481
pdc,1.00,0,3483
pdc,1.00,0,3489
pdc,1.00,0,3491
pdc,1.00,0,3495
pdc,1.00,0,3499
pdc,1.00,0,3501
pdc,1.00,0,3522
pdc,1.00,0,3526
pdc,1.00,0,3530
pdc,1.00,0,3538
pdc,1.00,0,3545
pdc,1.00,0,3548
pdc,1.00,0,3557
pdc,1.00,0,3559
pdc,1.00,0,3561
pdc,1.00,0,3601
pdc,1.00,0,3618
pdc,1.00,0,3619
pdc,1.00,0,3638
pdc,1.00,0,3641
pdc,1.00,0,3642
pdc,1.00,0,3650
pdc,1.00,0,3655
pdc,1.00,0,3660
pdc,1.00,0,3661
pdc,1.00,0,3662
pdc,1.00,0,3672
pdc,1.00,0,3673
pdc,1.00,0,3682
pdc,1.00,0,3683
pdc,1.00,0,3689
pdc,1.00,0,3690
pdc,1.00,0,3707
pdc,1.00,0,3735
pdc,1.00,0,3764
pdc,1.00,0,3770
pdc,1.00,0,3771
pdc,1.00,0,3772
pdc,1.00,0,3773
pdc,1.00,0,3776
pdc,1.00,0,3777
pdc,1.00,0,3778
pdc,1.00,0,3779
pdc,1.00,0,3780
pdc,1.00,0,3781
pdc,1.00,0,3786
pdc,1.00,0,3788
pdc,1.00,0,3790
pdc,1.00,0,3804
pdc,1.00,0,3818
pdc,1.00,0,3864
pdc,1.00,0,3865
pdc,1.00,0,3866
pdc,1.00,0,3867
pdc,1.00,0,3868
pdc,1.00,0,3869
pdc,1.00,0,3870
pdc,1.00,0,3885
pdc,1.00,0,3962
pdc,1.00,0,3963
pdc,1.00,0,3964
pdc,1.00,0,3965
pdc,1.00,0,3966
pdc,1.00,0,4019
pdc,1.00,0,4020
pdc,1.00,0,4064
pdc,1.00,0,4097
pdc,1.00,0,4098
pdc,1.00,0,4099
pdc,1.00,0,4100
pdc,1.00,0,4102
pdc,1.00,0,4112
pdc,1.00,0,4113
pdc,1.00,0,4143
pdc,1.00,0,4194
pdc,1.00,0,4240
pdc,1.00,0,4267
pdc,1.00,0,4270
pdc,1.00,0,4271
pdc,1.00,0,4272
pdc,1.00,0,4274
pdc,1.00,0,4275
pdc,1.00,0,4276
pdc,1.00,0,4277
pdc,1.00,0,4279
pdc,1.00,0,4280
pdc,1.00,0,4283
pdc,1.00,0,4284
pdc,1.00,0,4286
pdc,1.00,0,4287
pdc,1.00,0,4295
pdc,1.00,0,4328
pdc,1.00,0,4355
pdc,1.00,0,4367
pdc,1.00,0,4374
pdc,1.00,0,4377
pdc,1.00,0,4464
pdc,1.00,0,4466
pdc,1.00,0,4467
pdc,1.00,0,4468
pdc,1.00,0,4680
pdc,1.00,0,4681
pdc,1.00,0,4686
pdc,1.00,0,4687
pdc,1.00,0,4688
pdc,1.00,0,4689
pdc,1.00,0,4690
pdc,1.00,0,4691
pdc,1.00,0,4692
pdc,1.00,0,4693
pdc,1.00,0,4694
pdc,1.00,0,4695
pdc,1.00,0,4696
pdc,1.00,0,4697
pdc,1.00,0,4699
pdc,1.00,0,4700
pdc,1.00,0,4701
pdc,1.00,0,4702
pdc,1.00,0,4703
pdc,1.00,0,4704
pdc,1.00,0,4711
pdc,1.00,0,4797
pdc,1.00,0,4798
pdc,1.00,0,4799
pdc,1.00,0,4800
pdc,1.00,0,4801
pdc,1.00,0,4802
pdc,1.00,0,4803
pdc,1.00,0,4805
pdc,1.00,0,4806
pdc,1.00,0,5082
pdc,1.00,0,5083
pdc,1.00,0,5109
pdc,1.00,0,5112
pdc,1.00,0,5113
pdc,1.00,0,5114
pdc,1.00,0,5115
pdc,1.00,0,5117
pdc,1.00,0,5119
pdc,1.00,0,5120
pdc,1.00,0,5121
pdc,1.00,0,5122
pdc,1.00,0,5123
pdc,1.00,0,5125
pdc,1.00,0,5126
pdc,1.00,0,5127
pdc,1.00,0,5128
pdc,1.00,0,5130
pdc,1.00,0,5133
pdc,1.00,0,5150
pdc,1.00,0,5162
pdc,1.00,0,5163
pdc,1.00,0,5184
pdc,1.00,0,5190
pdc,1.00,0,5201
pdc,1.00,0,5213
pdc,1.00,0,5224
pdc,1.00,0,5362
pdc,1.00,0,5366
pdc,1.00,0,5497
pdc,1.00,0,5503
pdc,1.00,0,5507
pdc,1.00,0,5508
pdc,1.00,0,5509
pdc,1.00,0,5511
pdc,1.00,0,5522
pdc,1.00,0,5524
pdc,1.00,0,5529
pdc,1.00,0,5530
pdc,1.00,0,5531
pdc,1.00,0,5532
pdc,1.00,0,5533
pdc,1.00,0,5536
pdc,1.00,0,5537
pdc,1.00,0,5538
pdc,1.00,0,5541
pdc,1.00,0,5542
pdc,1.00,0,5543
pdc,1.00,0,5544
pdc,1.00,0,5545
pdc,1.00,0,5549
pdc,1.00,0,5550
pdc,1.00,0,5555
pdc,1.00,0,5556
pdc,1.00,0,5559
pdc,1.00,0,5561
pdc,1.00,0,5564
pdc,1.00,0,5653
pdc,1.00,0,5701
pdc,1.00,0,5779
pdc,1.00,0,5780
pdc,1.00,0,5781
pdc,1.00,0,5782
pdc,1.00,0,5783
pdc,1.00,0,5792
pdc,1.00,0,5793
pdc,1.00,0,5794
pdc,1.00,0,5795
pdc,1.00,0,5796
pdc,1.00,0,5797
pdc,1.00,0,5798
pdc,1.00,0,5805
pdc,1.00,0,5806
pdc,1.00,0,5807
pdc,1.00,0,5808
pdc,1.00,0,5809
pdc,1.00,0,5830
pdc,1.00,0,5854
pdc,1.00,0,5862
pdc,1.00,0,5875
pdc,1.00,0,5877
pdc,1.00,0,5886
pdc,1.00,0,5887
pdc,1.00,0,5894
pdc,1.00,0,5896
pdc,1.00,0,5897
pdc,1.00,0,5898
pdc,1.00,0,5914
pdc,1.00,0,5920
pdc,1.00,0,5923
pdc,1.00,0,5924
pdc,1.00,0,5926
pdc,1.00,0,5970
pdc,1.00,0,5971
pdc,1.00,0,5972
pdc,1.00,0,5973
pdc,1.00,0,5974
pdc,1.00,0,6004
pdc,1.00,0,6047
pdc,1.00,0,6048
pdc,1.00,0,6101
pdc,1.00,0,6102
pdc,1.00,0,6184
pdc,1.00,0,6185
pdc,1.00,0,6186
pdc,1.00,0,6189
pdc,1.00,0,6549
pdc,1.00,0,6565
pdc,1.00,0,6570
pdc,1.00,0,6571
pdc,1.00,0,6572
pdc,1.00,0,6581
pdc,1.00,0,6582
pdc,1.00,0,6586
pdc,1.00,0,6593
pdc,1.00,0,6594
pdc,1.00,0,6663
pdc,1.00,0,6674
pdc,1.00,0,6675
pdc,1.00,0,6676
pdc,1.00,0,6818
pdc,1.00,0,6822
pdc,1.00,0,6823
pdc,1.00,0,6824
pdc,1.00,0,6825
pdc,1.00,0,6826
pdc,1.00,0,6827
pdc,1.00,0,6828
pdc,1.00,0,6829
pdc,1.00,0,6830
pdc,1.00,0,6831
pdc,1.00,0,6835
pdc,1.00,0,6836
pdc,1.00,0,6840
pdc,1.00,0,6841
pdc,1.00,0,6842
pdc,1.00,0,6844
pdc,1.00,0,6845
pdc,1.00,0,6846
pdc,1.00,0,6864
pdc,1.00,0,6865
pdc,1.00,0,6866
pdc,1.00,0,6867
pdc,1.00,0,6870
pdc,1.00,0,6888
pdc,1.00,0,6889
pdc,1.00,0,6891
pdc,1.00,0,6893
pdc,1.00,0,6895
pdc,1.00,0,6896
pdc,1.00,0,6899
pdc,1.00,0,6900
pdc,1.00,0,6901
pdc,1.00,0,6902
pdc,1.00,0,6903
pdc,1.00,0,6912
pdc,1.00,0,6952
pdc,1.00,0,6955
pdc,1.00,0,6959
pdc,1.00,0,6960
pdc,1.00,0,6961
pdc,1.00,0,6965
pdc,1.00,0,6966
pdc,1.00,0,6969
pdc,1.00,0,6970
pdc,1.00,0,6971
pdc,1.00,0,6972
pdc,1.00,0,6973
pdc,1.00,0,6974
pdc,1.00,0,6983
pdc,1.00,0,7064
pdc,1.00,0,7065
pdc,1.00,0,7066
pdc,1.00,0,7067
pdc,1.00,0,7070
pdc,1.00,0,7292
pdc,1.00,0,7293
pdc,1.00,0,7294
pdc,1.00,0,7295
pdc,1.00,0,7327
pdc,1.00,0,7328
pdc,1.00,0,7330
pdc,1.00,0,7331
pdc,1.00,0,7332
pdc,1.00,0,7349
pdc,1.00,0,7350
pdc,1.00,0,7354
pdc,1.00,0,7410
pdc,1.00,0,7411
pdc,1.00,0,7412
pdc,1.00,0,7413
pdc,1.00,0,7414
pdc,1.00,0,7415
pdc,1.00,0,7419
pdc,1.00,0,7425
pdc,1.00,0,7432
pdc,1.00,0,7433
pdc,1.00,0,7434
pdc,1.00,0,7435
pdc,1.00,0,7436
pdc,1.00,0,7437
pdc,1.00,0,7438
pdc,1.00,0,7439
pdc,1.00,0,7440
pdc,1.00,0,7442
pdc,1.00,0,7443
pdc,1.00,0,7444
pdc,1.00,0,7447
pdc,1.00,0,7448
pdc,1.00,0,7451
pdc,1.00,0,7452
pdc,1.00,0,7453
pdc,1.00,0,7455
pdc,1.00,0,7456
pdc,1.00,0,7457
pdc,1.00,0,7458
pdc,1.00,0,7459
pdc,1.00,0,7460
pdc,1.00,0,7461
pdc,1.00,0,7462
pdc,1.00,0,7463
pdc,1.00,0,7466
pdc,1.00,0,7467
pdc,1.00,0,7468
pdc,1.00,0,7469
pdc,1.00,0,7470
pdc,1.00,0,7474
pdc,1.00,0,7506
pdc,1.00,0,7517
pdc,1.00,0,7518
pdc,1.00,0,7523
pdc,1.00,0,7529
pdc,1.00,0,7530
pdc,1.00,0,7531
pdc,1.00,0,7532
pdc,1.00,0,7568
pdc,1.00,0,7572
pdc,1.00,0,7573
pdc,1.00,0,7574
pdc,1.00,0,7577
pdc,1.00,0,7579
pdc,1.00,0,7580
pdc,1.00,0,7582
pdc,1.00,0,7583
pdc,1.00,0,7584
pdc,1.00,0,7586
pdc,1.00,0,7589
pdc,1.00,0,7590
pdc,1.00,0,7601
pdc,1.00,0,7605
pdc,1.00,0,7606
pdc,1.00,0,7647
pdc,1.00,0,7648
pdc,1.00,0,7653
pdc,1.00,0,7654
pdc,1.00,0,7697
pdc,1.00,0,7700
pdc,1.00,0,7755
pdc,1.00,0,7758
pdc,1.00,0,7811
pdc,1.00,0,7812
pdc,1.00,0,7813
pdc,1.00,0,8127
pdc,1.00,0,8141
pdc,1.00,0,8144
pdc,1.00,0,8146
pdc,1.00,0,8148
pdc,1.00,0,8152
pdc,1.00,0,8153
pdc,1.00,0,8166
pdc,1.00,0,8169
pdc,1.00,0,8172
pdc,1.00,0,8215
pdc,1.00,0,8216
pdc,1.00,0,8217
pdc,1.00,0,8298
pdc,1.00,0,8299
pdc,1.00,0,8300
pdc,1.00,0,8302
pdc,1.00,0,8318
pdc,1.00,0,8331
pdc,1.00,0,8332
pdc,1.00,0,8333
pdc,1.00,0,8334
pdc,1.00,0,8337
pdc,1.00,0,8338
pdc,1.00,0,8347
pdc,1.00,0,8352
pdc,1.00,0,8353
pdc,1.00,0,8354
pdc,1.00,0,8355
pdc,1.00,0,8357
pdc,1.00,0,8358
pdc,1.00,0,8368
pdc,1.00,0,8369
pdc,1.00,0,8372
pdc,1.00,0,8374
pdc,1.00,0,8375
pdc,1.00,0,8385
pdc,1.00,0,8386
pdc,1.00,0,8387
pdc,1.00,0,8388
pdc,1.00,0,8390
pdc,1.00,0,8391
pdc,1.00,0,8393
pdc,1.00,0,8394
pdc,1.00,0,8395
pdc,1.00,0,8398
pdc,1.00,0,8401
pdc,1.00,0,8407
pdc,1.00,0,8409
pdc,1.00,0,8410
pdc,1.00,0,8411
pdc,1.00,0,8420
pdc,1.00,0,8425
pdc,1.00,0,8426
pdc,1.00,0,8428
pdc,1.00,0,8429
pdc,1.00,0,8433
pdc,1.00,0,8437
pdc,1.00,0,8442
pdc,1.00,0,8443
pdc,1.00,0,8446
pdc,1.00,0,8464
pdc,1.00,0,8465
pdc,1.00,0,8466
pdc,1.00,0,8469
pdc,1.00,0,8470
pdc,1.00,0,8473
pdc,1.00,0,8478
pdc,1.00,0,8482
pdc,1.00,0,8483
pdc,1.00,0,8486
pdc,1.00,0,8487
pdc,1.00,0,8488
pdc,1.00,0,8489
pdc,1.00,0,8490
pdc,1.00,0,8492
pdc,1.00,0,8493
pdc,1.00,0,8494
pdc,1.00,0,8495
pdc,1.00,0,8496
pdc,1.00,0,8497
pdc,1.00,0,8498
pdc,1.00,0,8499
pdc,1.00,0,8500
pdc,1.00,0,8501
pdc,1.00,0,8505
pdc,1.00,0,8506
pdc,1.00,0,8507
pdc,1.00,0,8508
pdc,1.00,0,8509
pdc,1.00,0,8511
pdc,1.00,0,8514
pdc,1.00,0,8515
pdc,1.00,0,8517
pdc,1.00,0,8519
pdc,1.00,0,8522
pdc,1.00,0,8523
pdc,1.00,0,8525
pdc,1.00,0,8526
pdc,1.00,0,8527
pdc,1.00,0,8528
pdc,1.00,0,8531
pdc,1.00,0,8534
pdc,1.00,0,8548
pdc,1.00,0,8576
pdc,1.00,0,8579
pdc,1.00,0,8580
pdc,1.00,0,8581
pdc,1.00,0,8582
pdc,1.00,0,8583
pdc,1.00,0,8592
pdc,1.00,0,8593
pdc,1.00,0,8594
pdc,1.00,0,8595
pdc,1.00,0,8598
pdc,1.00,0,8602
pdc,1.00,0,8618
pdc,1.00,0,8621
pdc,1.00,0,8626
pdc,1.00,0,8633
pdc,1.00,0,8637
pdc,1.00,0,8638
pdc,1.00,0,8641
pdc,1.00,0,8643
pdc,1.00,0,8687
pdc,1.00,0,8688
pdc,1.00,0,8689
pdc,1.00,0,8690
pdc,1.00,0,8691
pdc,1.00,0,8692
pdc,1.00,0,8693
pdc,1.00,0,8694
pdc,1.00,0,8695
pdc,1.00,0,8736
pdc,1.00,0,8737
pdc,1.00,0,8738
pdc,1.00,0,8739
pdc,1.00,0,8740
pdc,1.00,0,8741
pdc,1.00,0,8742
pdc,1.00,0,8757
pdc,1.00,0,8769
pdc,1.00,0,8814
pdc,1.00,0,8815
pdc,1.00,0,8817
pdc,1.00,0,8818
pdc,1.00,0,8819
pdc,1.00,0,8820
pdc,1.00,0,8821
pdc,1.00,0,8823
pdc,1.00,0,8824
pdc,1.00,0,8825
pdc,1.00,0,8830
pdc,1.00,0,8879
pdc,1.00,0,8881
pdc,1.00,0,8900
pdc,1.00,0,8901
pdc,1.00,0,8904
pdc,1.00,0,8912
pdc,1.00,0,8914
pdc,1.00,0,8915
pdc,1.00,0,8950
pdc,1.00,0,8962
pdc,1.00,0,8976
pdc,1.00,0,8977
pdc,1.00,0,8986
pdc,1.00,0,9003
pdc,1.00,0,9012
pdc,1.00,0,9036
pdc,1.00,0,9037
pdc,1.00,0,9073
pdc,1.00,0,9079
pdc,1.00,0,9084
pdc,1.00,0,9088
pdc,1.00,0,9089
pdc,1.00,0,9090
pdc,1.00,0,9091
pdc,1.00,0,9093
pdc,1.00,0,9094
pdc,1.00,0,9095
pdc,1.00,0,9096
pdc,1.00,0,9097
pdc,1.00,0,9098
pdc,1.00,0,9099
pdc,1.00,0,9103
pdc,1.00,0,9104
pdc,1.00,0,9108
pdc,1.00,0,9109
pdc,1.00,0,9113
pdc,1.00,0,9137
pdc,1.00,0,9157
pdc,1.00,0,9187
pdc,1.00,0,9188
pdc,1.00,0,9189
pdc,1.00,0,9203
pdc,1.00,0,9204
pdc,1.00,0,9205
pdc,1.00,0,9288
pdc,1.00,0,9289
pdc,1.00,0,9293
pdc,1.00,0,9295
pdc,1.00,0,9304
pdc,1.00,0,9305
pdc,1.00,0,9306
pdc,1.00,0,9308
pdc,1.00,0,9309
pdc,1.00,0,9310
pdc,1.00,0,9329
pdc,1.00,0,9330
pdc,1.00,0,9331
pdc,1.00,0,9332
pdc,1.00,0,9333
pdc,1.00,0,9334
pdc,1.00,0,9335
pdc,1.00,0,9336
pdc,1.00,0,9338
pdc,1.00,0,9339
pdc,1.00,0,9340
pdc,1.00,0,9341
pdc,1.00,0,9342
pdc,1.00,0,9346
pdc,1.00,0,9347
pdc,1.00,0,9348
pdc,1.00,0,9351
pdc,1.00,0,9358
pdc,1.00,0,9399
pdc,1.00,0,9400
pdc,1.00,0,9401
pdc,1.00,0,9403
pdc,1.00,0,9404
pdc,1.00,0,9406
pdc,1.00,0,9441
pdc,1.00,0,9442
pdc,1.00,0,9454
pdc,1.00,0,9455
pdc,1.00,0,9499
pdc,1.00,0,9500
pdc,1.00,0,9501
pdc,1.00,0,9502
pdc,1.00,0,9504
pdc,1.00,0,9511
pdc,-2.00,0,11
pdc,-2.00,0,13
pdc,-2.00,0,46
pdc,-2.00,0,47
pdc,-2.00,0,52
pdc,-2.00,0,63
pdc,-2.00,0,144
pdc,-2.00,0,145
pdc,-2.00,0,148
pdc,-2.00,0,155
pdc,-2.00,0,157
pdc,-2.00,0,158
pdc,-2.00,0,169
pdc,-2.00,0,173
pdc,-2.00,0,174
pdc,-2.00,0,24908
pdc,-2.00,0,24909
pdc,-2.00,0,24925
pdc,-2.00,0,24926
pdc,-2.00,0,24927
pdc,-2.00,0,24929
pdc,-2.00,0,24930
pdc,-2.00,0,24932
pdc,-2.00,0,24934
pdc,-2.00,0,24942
pdc,-2.00,0,24951
pdc,-2.00,0,24952
pdc,-2.00,0,24953
pdc,-2.00,0,24962
pdc,-2.00,0,24963
pdc,-2.00,0,24977
pdc,-2.00,0,24978
pdc,-2.00,0,25027
pdc,-2.00,0,25028
pdc,-2.00,0,25029
pdc,-2.00,0,25030
pdc,-2.00,0,25031
pdc,-2.00,0,25041
pdc,-2.00,0,25042
pdc,-2.00,0,25048
pdc,-2.00,0,25103
pdc,-2.00,0,25118
pdc,-2.00,0,25128
pdc,-2.00,0,25129
pdc,-2.00,0,25130
pdc,-2.00,0,25131
pdc,-2.00,0,25132
pdc,-2.00,0,25133
pdc,-2.00,0,25135
pdc,-2.00,0,25145
pdc,-2.00,0,25177
pdc,-2.00,0,25184
pdc,-2.00,0,25185
pdc,-2.00,0,25230
pdc,-2.00,0,25249
pdc,-2.00,0,25250
pdc,-2.00,0,25251
pdc,-2.00,0,25264
pdc,-2.00,0,25274
pdc,-2.00,0,25281
pdc,-2.00,0,25286
pdc,-2.00,0,25287
pdc,-2.00,0,25308
pdc,-2.00,0,25309
pdc,-2.00,0,25314
pdc,-2.00,0,25315
pdc,-2.00,0,25316
pdc,-2.00,0,25317
pdc,-2.00,0,25318
pdc,-2.00,0,25319
pdc,-2.00,0,25324
pdc,-2.00,0,25327
pdc,-2.00,0,25331
pdc,-2.00,0,25337
pdc,-2.00,0,25353
pdc,-2.00,0,25355
pdc,-2.00,0,25356
pdc,-2.00,0,25357
pdc,-2.00,0,25361
pdc,-2.00,0,25362
pdc,-2.00,0,25371
pdc,-2.00,0,25372
pdc,-2.00,0,25385
pdc,-2.00,0,25393
pdc,-2.00,0,25430
pdc,-2.00,0,25434
pdc,-2.00,0,25472
pdc,-2.00,0,25482
pdc,-2.00,0,25483
pdc,-2.00,0,25491
pdc,-2.00,0,25492
pdc,-2.00,0,25494
pdc,-2.00,0,25495
pdc,-2.00,0,25496
pdc,-2.00,0,25497
pdc,-2.00,0,25498
pdc,-2.00,0,25499
pdc,-2.00,0,25500
pdc,-2.00,0,25501
pdc,-2.00,0,25502
pdc,-2.00,0,25504
pdc,-2.00,0,25506
pdc,-2.00,0,25507
pdc,-2.00,0,25508
pdc,-2.00,0,25509
pdc,-2.00,0,25510
pdc,-2.00,0,25511
pdc,-2.00,0,25513
pdc,-2.00,0,25515
pdc,-2.00,0,25518
pdc,-2.00,0,25519
pdc,-2.00,0,25522
pdc,-2.00,0,25523
pdc,-2.00,0,25524
pdc,-2.00,0,25525
pdc,-2.00,0,25534
pdc,-2.00,0,25536
pdc,-2.00,0,25541
pdc,-2.00,0,25545
pdc,-2.00,0,25546
pdc,-2.00,0,25549
pdc,-2.00,0,25551
pdc,-2.00,0,25552
pdc,-2.00,0,25557
pdc,-2.00,0,25559
pdc,-2.00,0,25560
pdc,-2.00,0,25563
pdc,-2.00,0,25565
pdc,-2.00,0,25568
pdc,-2.00,0,25570
pdc,-2.00,0,25572
pdc,-2.00,0,25573
pdc,-2.00,0,25574
pdc,-2.00,0,25576
pdc,-2.00,0,25577
pdc,-2.00,0,25580
pdc,-2.00,0,25581
pdc,-2.00,0,25583
pdc,-2.00,0,25589
pdc,-2.00,0,25591
pdc,-2.00,0,25592
pdc,-2.00,0,25601
pdc,-2.00,0,25602
pdc,-2.00,0,25604
pdc,-2.00,0,25612
pdc,-2.00,0,25614
pdc,-2.00,0,25615
pdc,-2.00,0,25616
pdc,-2.00,0,25617
pdc,-2.00,0,25633
pdc,-2.00,0,25634
pdc,-2.00,0,25635
pdc,-2.00,0,25642
pdc,-2.00,0,25643
pdc_err,-2.00,0,25647
pdc,-2.00,0,25652
pdc,-2.00,0,25654
pdc,-2.00,0,25670
pdc,-2.00,0,25677
pdc,-2.00,0,25678
pdc,-2.00,0,25688
pdc,-2.00,0,25732
pdc,-2.00,0,25739
pdc,-2.00,0,25741
pdc,-2.00,0,25797
pdc,-2.00,0,25843
pdc,-2.00,0,25844
pdc,-2.00,0,25845
pdc,-2.00,0,25876
pdc,-2.00,0,25889
pdc,-2.00,0,25892
pdc,-2.00,0,25894
pdc,-2.00,0,25906
pdc,-2.00,0,25958
pdc,-2.00,0,25959
pdc,-2.00,0,25968
pdc,-2.00,0,25971
pdc,-2.00,0,25984
pdc,-2.00,0,25985
pdc,-2.00,0,25987
pdc,-2.00,0,25989
pdc,-2.00,0,25995
pdc,-2.00,0,26004
pdc,-2.00,0,26022
pdc,-2.00,0,26023
pdc,-2.00,0,26032
pdc,-2.00,0,26033
pdc,-2.00,0,26036
pdc,-2.00,0,26037
pdc,-2.00,0,26038
pdc,-2.00,0,26080
pdc,-2.00,0,26081
pdc,-2.00,0,26082
pdc,-2.00,0,26083
pdc,-2.00,0,26084
pdc,-2.00,0,26085
pdc,-2.00,0,26086
pdc,-2.00,0,26088
pdc,-2.00,0,26094
pdc,-2.00,0,26095
pdc,-2.00,0,26104
pdc,-2.00,0,26156
pdc,-2.00,0,26190
pdc,-2.00,0,26191
pdc,-2.00,0,26199
pdc,-2.00,0,26200
pdc,-2.00,0,26211
pdc,-2.00,0,26213
pdc,-2.00,0,26369
pdc,-2.00,0,26371
pdc,-2.00,0,26372
pdc,-2.00,0,26373
pdc,-2.00,0,26376
pdc,-2.00,0,26377
pdc,-2.00,0,26378
pdc,-2.00,0,26384
pdc,-2.00,0,26406
pdc,-2.00,0,26417
pdc,-2.00,0,26418
pdc,-2.00,0,26419
pdc,-2.00,0,26424
pdc,-2.00,0,26582
pdc,-2.00,0,26616
pdc,-2.00,0,26619
pdc,-2.00,0,26620
pdc,-2.00,0,26621
pdc,-2.00,0,26622
pdc,-2.00,0,26623
pdc,-2.00,0,26633
pdc,-2.00,0,26634
pdc,-2.00,0,26636
pdc,-2.00,0,26637
pdc,-2.00,0,26638
pdc,-2.00,0,26639
pdc,-2.00,0,26640
pdc,-2.00,0,26641
pdc,-2.00,0,26644
pdc,-2.00,0,26652
pdc,-2.00,0,26654
pdc,-2.00,0,26655
pdc,-2.00,0,26668
pdc,-4.00,0,1
pdc,-4.00,0,13
pdc,2.00,0,9
pdc,2.00,0,10
pdc,2.00,0,11
pdc,2.00,0,16
pdc,2.00,0,17
pdc,2.00,0,18
pdc,2.00,0,20
pdc,2.00,0,21
pdc,2.00,0,22
pdc,2.00,0,23
pdc,2.00,0,33
pdc,2.00,0,34
pdc,2.00,0,35
pdc,2.00,0,37
pdc,2.00,0,38
pdc,2.00,0,39
pdc,2.00,0,58
pdc,2.00,0,59
pdc,2.00,0,60
pdc,2.00,0,61
pdc,2.00,0,62
pdc,2.00,0,63
pdc,2.00,0,64
pdc,2.00,0,65
pdc,2.00,0,68
pdc,2.00,0,74
pdc,2.00,0,75
pdc,2.00,0,76
pdc,2.00,0,77
pdc,2.00,0,80
pdc,2.00,0,81
pdc,2.00,0,84
pdc,2.00,0,95
pdc,2.00,0,96
pdc,2.00,0,97
pdc,2.00,0,98
pdc,2.00,0,99
pdc,2.00,0,124
pdc,2.00,0,128
pdc,2.00,0,129
pdc,2.00,0,130
pdc,2.00,0,131
pdc,2.00,0,132
pdc,2.00,0,140
pdc,2.00,0,141
pdc,2.00,0,142
pdc,2.00,0,144
pdc,2.00,0,151
pdc,2.00,0,154
pdc,2.00,0,155
pdc,2.00,0,156
pdc,2.00,0,158
pdc,2.00,0,161
pdc,2.00,0,164
pdc,2.00,0,185
pdc,2.00,0,208
pdc,2.00,0,279
pdc,2.00,0,300
pdc,2.00,0,303
pdc,2.00,0,330
pdc,2.00,0,340
pdc,2.00,0,355
pdc,2.00,0,370
pdc,2.00,0,384
pdc,2.00,0,399
pdc,2.00,0,420
pdc,2.00,0,429
pdc,2.00,0,468
pdc,2.00,0,473
pdc,2.00,0,487
pdc,2.00,0,496
pdc,2.00,0,700
pdc,2.00,0,701
pdc,2.00,0,712
pdc,2.00,0,713
pdc,2.00,0,748
pdc,2.00,0,879
pdc,2.00,0,880
pdc,2.00,0,881
pdc,2.00,0,917
pdc,2.00,0,918
pdc,2.00,0,962
pdc,2.00,0,980
pdc,2.00,0,1046
pdc,2.00,0,1157
pdc,2.00,0,1207
pdc,2.00,0,1210
pdc,2.00,0,1293
pdc,2.00,0,1317
pdc,2.00,0,1324
pdc,2.00,0,1392
pdc,2.00,0,1460
pdc,2.00,0,1581
pdc,2.00,0,1595
pdc,2.00,0,1625
pdc,2.00,0,1629
pdc,2.00,0,1631
pdc,2.00,0,1720
pdc,2.00,0,1807
pdc,2.00,0,2371
pdc,2.00,0,2822
pdc,2.00,0,2823
pdc,2.00,0,2867
pdc,2.00,0,2895
pdc,2.00,0,2994
pdc,2.00,0,2995
pdc,2.00,0,3026
pdc,2.00,0,3059
pdc,2.00,0,3179
pdc,2.00,0,3664
pdc,2.00,0,3828
pdc,2.00,0,3829
pdc,2.00,0,3837
pdc,2.00,0,3896
pdc,2.00,0,3898
pdc,2.00,0,3899
pdc,2.00,0,4038
pdc,2.00,0,4042
pdc,2.00,0,4183
pdc,2.00,0,4184
pdc,2.00,0,4208
pdc,2.00,0,4230
pdc,2.00,0,4344
pdc,2.00,0,4476
pdc,2.00,0,4564
pdc,2.00,0,4653
pdc,2.00,0,4670
pdc,2.00,0,4673
pdc,2.00,0,4683
pdc,2.00,0,4684
pdc,2.00,0,4685
pdc,2.00,0,4711
pdc,2.00,0,4771
pdc,2.00,0,4929
pdc,2.00,0,4947
pdc,2.00,0,5034
pdc,2.00,0,5061
pdc,2.00,0,5099
pdc,2.00,0,5199
pdc,2.00,0,5206
pdc,2.00,0,5233
pdc,2.00,0,5236
pdc,2.00,0,5367
pdc,2.00,0,5440
pdc,2.00,0,5477
pdc,2.00,0,5533
pdc,2.00,0,5551
pdc,2.00,0,5552
pdc,2.00,0,5553
pdc,2.00,0,5601
pdc,2.00,0,5616
pdc,2.00,0,5838
pdc,2.00,0,5975
pdc,2.00,0,6025
pdc,2.00,0,6094
pdc,2.00,0,6096
pdc,2.00,0,6144
pdc,2.00,0,6166
pdc,2.00,0,6167
pdc,2.00,0,6177
pdc,2.00,0,6225
pdc,2.00,0,6286
pdc,2.00,0,6312
pdc,2.00,0,6388
pdc,2.00,0,6389
pdc,2.00,0,6418
pdc,2.00,0,6560
pdc,2.00,0,6630
pdc,2.00,0,6632
pdc,2.00,0,6668
pdc,2.00,0,6670
pdc,2.00,0,6672
pdc,2.00,0,6682
pdc,2.00,0,6712
pdc,2.00,0,6748
pdc,2.00,0,6782
pdc,2.00,0,6783
pdc,2.00,0,6914
pdc,2.00,0,6968
pdc,2.00,0,7018
pdc,2.00,0,7073
pdc,2.00,0,7083
pdc,2.00,0,7084
pdc,2.00,0,7088
pdc,2.00,0,7212
pdc,2.00,0,7217
pdc,2.00,0,7219
pdc,2.00,0,7220
pdc,2.00,0,7227
pdc,2.00,0,7231
pdc,2.00,0,7282
pdc,2.00,0,7354
pdc,2.00,0,7385
pdc,2.00,0,7687
pdc,2.00,0,7774
pdc,2.00,0,7868
pdc,2.00,0,8125
pdc,2.00,0,8222
pdc,2.00,0,8286
pdc,2.00,0,8287
pdc,2.00,0,8288
pdc,2.00,0,8370
pdc,2.00,0,8379
pdc,2.00,0,8390
pdc,2.00,0,8525
pdc,2.00,0,8596
pdc,2.00,0,8598
pdc,2.00,0,8623
pdc,2.00,0,8625
pdc,2.00,0,8626
pdc,2.00,0,8659
pdc,2.00,0,8738
pdc,2.00,0,8767
pdc,2.00,0,8773
pdc,2.00,0,8782
pdc,2.00,0,8792
pdc,2.00,0,8802
pdc,2.00,0,8835
pdc,2.00,0,8899
pdc,2.00,0,8962
pdc,2.00,0,8967
pdc,2.00,0,9007
pdc,2.00,0,9032
pdc,2.00,0,9090
pdc,2.00,0,9091
pdc,2.00,0,9128
pdc,2.00,0,9170
pdc,2.00,0,9186
pdc,2.00,0,9226
pdc,2.00,0,9232
pdc,2.00,0,9240
pdc,2.00,0,9298
pdc,2.00,0,9310
pdc,2.00,0,9319
pdc,2.00,0,9328
pdc,2.00,0,9373
pdc,2.00,0,9434
pdc,2.00,0,9440
pdc,2.00,0,9488
pdc,2.00,0,9561
pdc,2.00,0,9588
pdc,2.00,0,9662
pdc,2.00,0,9687
pdc,2.00,0,9732
pdc,2.00,0,9734
pdc,2.00,0,10023
pdc,2.00,0,10036
pdc,2.00,0,10156
pdc,2.00,0,10173
pdc,2.00,0,10247
pdc,2.00,0,10410
pdc,2.00,0,10422
pdc,2.00,0,10448
pdc,2.00,0,10451
pdc,2.00,0,10474
pdc,2.00,0,10496
pdc,2.00,0,10566
pdc,2.00,0,10620
pdc,2.00,0,10669
pdc,2.00,0,10703
pdc,2.00,0,10704
pdc,2.00,0,10767
pdc,2.00,0,10779
pdc,2.00,0,10866
pdc,2.00,0,10959
pdc,2.00,0,11013
pdc,2.00,0,11117
pdc,2.00,0,11118
pdc,2.00,0,11130
pdc,2.00,0,11166
pdc,2.00,0,11221
pdc,2.00,0,11294
pdc,2.00,0,11331
pdc,2.00,0,11409
pdc,2.00,0,11433
pdc,2.00,0,11435
pdc,2.00,0,11478
pdc,2.00,0,11497
pdc,2.00,0,11576
pdc,2.00,0,11601
pdc,2.00,0,11609
pdc,2.00,0,11614
pdc,2.00,0,11615
pdc,2.00,0,11626
pdc,2.00,0,11630
pdc,2.00,0,11651
pdc,2.00,0,11757
pdc,2.00,0,11771
pdc,2.00,0,11849
pdc,2.00,0,11887
pdc,2.00,0,11947
pdc,2.00,0,11950
pdc,2.00,0,12019
pdc,2.00,0,12068
pdc,2.00,0,12084
pdc,2.00,0,12099
pdc,2.00,0,12100
pdc,2.00,0,12152
pdc,2.00,0,12153
pdc,2.00,0,12172
pdc,2.00,0,12243
pdc,2.00,0,12248
pdc,2.00,0,12268
pdc,2.00,0,12278
pdc,2.00,0,12306
pdc,2.00,0,12376
pdc,2.00,0,12379
pdc,2.00,0,12381
pdc,2.00,0,12395
pdc,2.00,0,12399
pdc,2.00,0,12418
pdc,2.00,0,12472
pdc,2.00,0,12473
pdc,2.00,0,12476
pdc,2.00,0,12485
pdc,2.00,0,12486
pdc,2.00,0,12496
pdc,2.00,0,12510
pdc,2.00,0,12511
pdc,2.00,0,12555
pdc,2.00,0,12618
pdc,2.00,0,12670
pdc,2.00,0,12692
pdc,2.00,0,12705
pdc,2.00,0,12742
pdc,2.00,0,12764
pdc,2.00,0,12765
pdc,2.00,0,12800
pdc,2.00,0,12888
pdc,2.00,0,12890
pdc,2.00,0,12898
pdc,2.00,0,12959
pdc,2.00,0,12960
pdc,2.00,0,12977
pdc,2.00,0,13049
pdc,2.00,0,13093
pdc,2.00,0,13158
pdc,2.00,0,13193
pdc,2.00,0,13194
pdc,2.00,0,13195
pdc,2.00,0,13196
pdc,2.00,0,13228
pdc,2.00,0,13285
pdc,2.00,0,13298
pdc,2.00,0,13377
pdc,2.00,0,13410
pdc,2.00,0,13429
pdc,2.00,0,13496
pdc,2.00,0,13578
pdc,2.00,0,13589
pdc,2.00,0,13596
pdc,2.00,0,13605
pdc,2.00,0,13657
pdc,2.00,0,13711
pdc,2.00,0,13731
pdc,2.00,0,13734
pdc,2.00,0,13739
pdc,2.00,0,13775
pdc,2.00,0,13816
pdc,2.00,0,13829
pdc,2.00,0,13867
pdc,2.00,0,13967
pdc,2.00,0,13982
pdc,2.00,0,13986
pdc,2.00,0,14029
pdc,2.00,0,14040
pdc,2.00,0,14049
pdc,2.00,0,14051
pdc,2.00,0,14053
pdc,2.00,0,14071
pdc,2.00,0,14142
pdc,2.00,0,14145
pdc,2.00,0,14148
pdc,2.00,0,14178
pdc,2.00,0,14262
pdc,2.00,0,14265
pdc,2.00,0,14387
pdc,2.00,0,14410
pdc,2.00,0,14451
pdc,2.00,0,14501
pdc,2.00,0,14516
pdc,2.00,0,14537
pdc,2.00,0,14574
pdc,2.00,0,14604
pdc,2.00,0,14610
pdc,2.00,0,14633
pdc,2.00,0,14659
pdc,2.00,0,14739
pdc,2.00,0,14749
pdc,2.00,0,14752
pdc,2.00,0,14753
pdc,2.00,0,14784
pdc,2.00,0,14923
pdc,2.00,0,14981
pdc,2.00,0,15015
pdc,2.00,0,15040
pdc,2.00,0,15102
pdc,2.00,0,15110
pdc,2.00,0,15219
pdc,2.00,0,15241
pdc,2.00,0,15261
pdc,2.00,0,15308
pdc,2.00,0,15309
pdc,2.00,0,15371
pdc,2.00,0,15394
pdc,2.00,0,15474
pdc,2.00,0,15475
pdc,2.00,0,15490
pdc,2.00,0,15533
pdc,2.00,0,15582
pdc,2.00,0,15620
pdc,2.00,0,15638
pdc,2.00,0,15730
pdc,2.00,0,15731
pdc,2.00,0,15788
pdc,2.00,0,15838
pdc,2.00,0,15839
pdc,2.00,0,15850
pdc,2.00,0,15983
pdc,2.00,0,15987
pdc,2.00,0,16036
pdc,2.00,0,16079
pdc,2.00,0,16104
pdc,2.00,0,16133
pdc,2.00,0,16167
pdc,2.00,0,16186
pdc,2.00,0,16188
pdc,2.00,0,16200
pdc,2.00,0,16224
pdc,2.00,0,16226
pdc,2.00,0,16227
pdc,2.00,0,16264
pdc,2.00,0,16272
pdc,2.00,0,16273
pdc,2.00,0,16321
pdc,2.00,0,16343
pdc,2.00,0,16376
pdc,2.00,0,16486
pdc,2.00,0,16508
pdc,2.00,0,16579
pdc,2.00,0,16580
pdc,2.00,0,16616
pdc,2.00,0,16639
pdc,2.00,0,16648
pdc,2.00,0,16649
pdc,2.00,0,16703
pdc,2.00,0,16722
pdc,2.00,0,16743
pdc,2.00,0,16776
pdc,2.00,0,16777
pdc,2.00,0,16781
pdc,2.00,0,16830
pdc,2.00,0,16862
pdc,2.00,0,16872
pdc,2.00,0,16920
pdc,2.00,0,16923
pdc,2.00,0,17008
pdc,2.00,0,17024
pdc,2.00,0,17034
pdc,2.00,0,17084
pdc,2.00,0,17097
pdc,2.00,0,17100
pdc,2.00,0,17108
pdc,2.00,0,17109
pdc,2.00,0,17120
pdc,2.00,0,17121
pdc,2.00,0,17122
pdc,2.00,0,17128
pdc,2.00,0,17130
pdc,2.00,0,17185
pdc,2.00,0,17190
pdc,2.00,0,17191
pdc,2.00,0,17192
pdc,2.00,0,17211
pdc,2.00,0,17229
pdc,2.00,0,17262
pdc,2.00,0,17307
pdc,2.00,0,17308
pdc,2.00,0,17370
pdc,2.00,0,17372
pdc,2.00,0,17373
pdc,2.00,0,17377
pdc,2.00,0,17406
pdc,2.00,0,17407
pdc,2.00,0,17433
pdc,2.00,0,17438
pdc,2.00,0,17510
pdc,2.00,0,17535
pdc,2.00,0,17541
pdc,2.00,0,17542
pdc,2.00,0,17544
pdc,2.00,0,17548
pdc,2.00,0,17560
pdc,2.00,0,17567
pdc,2.00,0,17572
pdc,2.00,0,17683
pdc,2.00,0,17764
pdc,2.00,0,17766
pdc,2.00,0,17813
pdc,2.00,0,17828
pdc,2.00,0,17902
pdc,2.00,0,17906
pdc,2.00,0,17956
pdc,2.00,0,17957
pdc,2.00,0,18030
pdc,2.00,0,18131
pdc,2.00,0,18174
pdc,2.00,0,18180
pdc,2.00,0,18184
pdc,2.00,0,18206
pdc,2.00,0,18238
pdc,2.00,0,18258
pdc,2.00,0,18285
pdc,2.00,0,18293
pdc,2.00,0,18294
pdc,2.00,0,18329
pdc,2.00,0,18347
pdc,2.00,0,18356
pdc,2.00,0,18358
pdc,2.00,0,18421
pdc,2.00,0,18423
pdc,2.00,0,18445
pdc,2.00,0,18458
pdc,2.00,0,18462
pdc,2.00,0,18500
pdc,2.00,0,18561
pdc,2.00,0,18580
pdc,2.00,0,18694
pdc,2.00,0,18695
pdc,2.00,0,18696
pdc,2.00,0,18702
pdc,2.00,0,18708
pdc,2.00,0,18715
pdc,2.00,0,18716
pdc,2.00,0,18720
pdc,2.00,0,18754
pdc,2.00,0,18809
pdc,2.00,0,18871
pdc,2.00,0,18894
pdc,2.00,0,18985
pdc,2.00,0,18986
pdc,2.00,0,19018
pdc,2.00,0,19074
pdc,2.00,0,19089
pdc,2.00,0,19097
pdc,2.00,0,19109
pdc,2.00,0,19111
pdc,2.00,0,19116
pdc,2.00,0,19177
pdc,2.00,0,19199
pdc,2.00,0,19201
pdc,2.00,0,19225
pdc,2.00,0,19239
pdc,2.00,0,19251
pdc,2.00,0,19253
pdc,2.00,0,19263
pdc,2.00,0,19264
pdc,2.00,0,19312
pdc,2.00,0,19340
pdc,2.00,0,19342
pdc,2.00,0,19359
pdc,2.00,0,19360
pdc,2.00,0,19374
pdc,2.00,0,19376
pdc,2.00,0,19396
pdc,2.00,0,19397
pdc,2.00,0,19432
pdc,2.00,0,19466
pdc,2.00,0,19512
pdc,2.00,0,19517
pdc,2.00,0,19543
pdc,2.00,0,19564
pdc,2.00,0,19566
pdc,2.00,0,19621
pdc,2.00,0,19713
pdc,2.00,0,19718
pdc,2.00,0,19724
pdc,2.00,0,19788
pdc,2.00,0,19792
pdc,2.00,0,19799
pdc,2.00,0,19803
pdc,2.00,0,19804
pdc,2.00,0,19825
pdc,2.00,0,19826
pdc,2.00,0,19834
pdc,2.00,0,19837
pdc,2.00,0,19901
pdc,2.00,0,19907
pdc,2.00,0,19920
pdc,2.00,0,19921
pdc,2.00,0,19929
pdc,2.00,0,19950
pdc,2.00,0,19961
pdc,2.00,0,20027
pdc,2.00,0,20028
pdc,2.00,0,20055
pdc,2.00,0,20060
pdc,2.00,0,20091
pdc,2.00,0,20124
pdc,2.00,0,20125
pdc,2.00,0,20143
pdc,2.00,0,20249
pdc,2.00,0,20285
pdc,2.00,0,20310
pdc,2.00,0,20311
pdc,2.00,0,20314
pdc,2.00,0,20357
pdc,2.00,0,20388
pdc,2.00,0,20447
pdc,2.00,0,20505
pdc,2.00,0,20538
pdc,2.00,0,20542
pdc,2.00,0,20590
pdc,2.00,0,20595
pdc,2.00,0,20678
pdc,2.00,0,20718
pdc,2.00,0,20766
pdc,2.00,0,20774
pdc,2.00,0,20776
pdc,2.00,0,20786
pdc,2.00,0,20791
pdc,2.00,0,20803
pdc,2.00,0,20817
pdc,2.00,0,20834
pdc,2.00,0,20884
pdc,2.00,0,20915
pdc,2.00,0,20942
pdc,2.00,0,20943
pdc,2.00,0,20944
pdc,2.00,0,20965
pdc,2.00,0,21158
pdc,2.00,0,21181
pdc,2.00,0,21222
pdc,2.00,0,21232
pdc,2.00,0,21327
pdc,2.00,0,21402
pdc,2.00,0,21417
pdc,2.00,0,21420
pdc,2.00,0,21429
pdc,2.00,0,21430
pdc,2.00,0,21493
pdc,2.00,0,21502
pdc,2.00,0,21530
pdc,2.00,0,21564
pdc,2.00,0,21597
pdc,2.00,0,21616
pdc,2.00,0,21619
pdc,2.00,0,21626
pdc,2.00,0,21696
pdc,2.00,0,21781
pdc,2.00,0,21853
pdc,2.00,0,21877
pdc,2.00,0,21960
pdc,2.00,0,22011
pdc,2.00,0,22020
pdc,2.00,0,22035
pdc,2.00,0,22087
pdc,2.00,0,22143
pdc,2.00,0,22145
pdc,2.00,0,22173
pdc,2.00,0,22218
pdc,2.00,0,22220
pdc,2.00,0,22221
pdc,2.00,0,22303
pdc,2.00,0,22334
pdc,2.00,0,22402
pdc,2.00,0,22414
pdc,2.00,0,22416
pdc,2.00,0,22431
pdc,2.00,0,22445
pdc,2.00,0,22446
pdc,2.00,0,22496
pdc,2.00,0,22499
pdc,2.00,0,22525
pdc,2.00,0,22610
pdc,2.00,0,22614
pdc,2.00,0,22635
pdc,2.00,0,22638
pdc,2.00,0,22679
pdc,2.00,0,22680
pdc,2.00,0,22681
pdc,2.00,0,22694
pdc,2.00,0,22699
pdc,2.00,0,22784
pdc,2.00,0,22786
pdc,2.00,0,22788
pdc,2.00,0,22796
pdc,2.00,0,22797
pdc,2.00,0,22835
pdc,2.00,0,22879
pdc,2.00,0,22949
pdc,2.00,0,22951
pdc,2.00,0,23022
pdc,2.00,0,23023
pdc,2.00,0,23080
pdc,2.00,0,23097
pdc,2.00,0,23145
pdc,2.00,0,23162
pdc,2.00,0,23163
pdc,2.00,0,23185
pdc,2.00,0,23201
pdc,2.00,0,23213
pdc,2.00,0,23226
pdc,2.00,0,23240
pdc,2.00,0,23243
pdc,2.00,0,23304
pdc,2.00,0,23334
pdc,2.00,0,23365
pdc,2.00,0,23387
pdc,2.00,0,23396
pdc,2.00,0,23446
pdc,2.00,0,23483
pdc,2.00,0,23484
pdc,2.00,0,23498
pdc,2.00,0,23520
pdc,2.00,0,23521
pdc,2.00,0,23522
pdc,2.00,0,23601
pdc,2.00,0,23620
pdc,2.00,0,23636
pdc,2.00,0,23637
pdc,2.00,0,23640
pdc,2.00,0,23731
pdc,2.00,0,23862
pdc,2.00,0,23874
pdc,2.00,0,23886
pdc,2.00,0,23900
pdc,2.00,0,23933
pdc,2.00,0,23998
pdc,2.00,0,24016
pdc,2.00,0,24048
pdc,2.00,0,24080
pdc,2.00,0,24083
pdc,2.00,0,24107
pdc,2.00,0,24109
pdc,2.00,0,24150
pdc,2.00,0,24163
pdc,2.00,0,24164
pdc,2.00,0,24185
pdc,2.00,0,24195
pdc,2.00,0,24242
pdc,2.00,0,24318
pdc,2.00,0,24348
pdc,2.00,0,24376
pdc,2.00,0,24385
pdc,2.00,0,24453
pdc,2.00,0,24469
pdc,2.00,0,24472
pdc,2.00,0,24473
pdc,2.00,0,24475
pdc,2.00,0,24483
pdc,2.00,0,24486
pdc,2.00,0,24489
pdc,2.00,0,24497
pdc,2.00,0,24564
pdc,2.00,0,24570
pdc,2.00,0,24577
pdc,2.00,0,24580
pdc,2.00,0,24587
pdc,2.00,0,24625
pdc,2.00,0,24671
pdc,2.00,0,24675
pdc,2.00,0,24693
pdc,2.00,0,24725
pdc,2.00,0,24730
pdc,2.00,0,24740
pdc,2.00,0,24741
pdc,2.00,0,24762
pdc,2.00,0,24774
pdc,2.00,0,24822
pdc,2.00,0,24855
pdc,2.00,0,24859
pdc,2.00,0,24879
pdc,2.00,0,24904
pdc,2.00,0,24907
pdc,2.00,0,24909
pdc,2.00,0,24974
pdc,2.00,0,24977
pdc,2.00,0,25026
pdc,2.00,0,25041
pdc,2.00,0,25053
pdc,2.00,0,25063
pdc,2.00,0,25153
pdc,2.00,0,25155
pdc,2.00,0,25167
pdc,2.00,0,25171
pdc,2.00,0,25178
pdc,2.00,0,25180
pdc,2.00,0,25204
pdc,2.00,0,25217
pdc,2.00,0,25265
pdc,2.00,0,25267
pdc,2.00,0,25272
pdc,2.00,0,25286
pdc,2.00,0,25294
pdc,2.00,0,25297
pdc,2.00,0,25303
pdc,2.00,0,25315
pdc,2.00,0,25317
pdc,2.00,0,25341
pdc,2.00,0,25343
pdc,2.00,0,25345
pdc,2.00,0,25347
pdc,2.00,0,25351
pdc,2.00,0,25359
pdc,2.00,0,25363
pdc,2.00,0,25374
pdc,2.00,0,25382
pdc,2.00,0,25386
pdc,2.00,0,25389
pdc,2.00,0,25392
pdc,2.00,0,25395
pdc,2.00,0,25399
pdc,2.00,0,25406
pdc,2.00,0,25429
pdc,2.00,0,25431
pdc,2.00,0,25440
pdc,2.00,0,25441
pdc,2.00,0,25442
pdc,2.00,0,25458
pdc,2.00,0,25459
pdc,2.00,0,25462
pdc,2.00,0,25525
pdc,2.00,0,25531
pdc,2.00,0,25598
pdc,2.00,0,25599
pdc,2.00,0,25682
pdc,2.00,0,25704
pdc,2.00,0,25706
pdc,2.00,0,25710
pdc,2.00,0,25718
pdc,2.00,0,25720
pdc,2.00,0,25727
pdc,2.00,0,25735
pdc,2.00,0,25740
pdc,2.00,0,25748
pdc,2.00,0,25751
pdc,2.00,0,25773
pdc,2.00,0,25787
pdc,2.00,0,25788
pdc,2.00,0,25793
pdc,2.00,0,25818
pdc,2.00,0,25819
pdc,2.00,0,25822
pdc,2.00,0,25825
pdc,2.00,0,25826
pdc,2.00,0,25827
pdc,2.00,0,25852
pdc,2.00,0,25858
pdc,2.00,0,25859
pdc,2.00,0,25877
pdc,2.00,0,25884
pdc,2.00,0,25917
pdc,2.00,0,25919
pdc,2.00,0,25934
pdc,2.00,0,25972
pdc,2.00,0,25974
pdc,2.00,0,25995
pdc,2.00,0,25997
pdc,2.00,0,26018
pdc,2.00,0,26048
pdc,2.00,0,26063
pdc,2.00,0,26073
pdc,2.00,0,26119
pdc,2.00,0,26132
pdc,2.00,0,26135
pdc,2.00,0,26201
pdc,2.00,0,26226
pdc,2.00,0,26230
pdc,2.00,0,26237
pdc,2.00,0,26253
pdc,2.00,0,26287
pdc,2.00,0,26330
pdc,2.00,0,26370
pdc,2.00,0,26399
pdc,2.00,0,26460
pdc,2.00,0,26468
pdc,2.00,0,26469
pdc,2.00,0,26480
pdc,2.00,0,26489
pdc,2.00,0,26494
pdc,2.00,0,26496
pdc,2.00,0,26501
pdc,2.00,0,26505
pdc,2.00,0,26511
pdc,2.00,0,26513
pdc,2.00,0,26516
pdc,2.00,0,26526
pdc,2.00,0,26554
pdc,2.00,0,26556
pdc,2.00,0,26561
pdc,2.00,0,26626
pdc,2.00,0,26627
pdc,2.00,0,26631
pdc,2.00,0,26636
pdc,2.00,0,26640
pdc,2.00,0,26641
pdc,2.00,0,26643
pdc,2.00,0,26648
pdc,2.00,0,7
pdc,2.00,0,8
pdc,2.00,0,9
pdc,2.00,0,10
pdc,2.00,0,11
pdc,2.00,0,13
pdc,2.00,0,14
pdc,2.00,0,17
pdc,2.00,0,18
pdc,2.00,0,20
pdc,2.00,0,21
pdc,2.00,0,22
pdc,2.00,0,24
pdc,2.00,0,25
pdc,2.00,0,26
pdc,2.00,0,27
pdc,2.00,0,29
pdc,2.00,0,36
pdc,2.00,0,66
pdc,2.00,0,67
pdc,2.00,0,81
pdc,2.00,0,82
pdc,2.00,0,83
pdc,2.00,0,84
pdc,2.00,0,86
pdc,2.00,0,87
pdc,2.00,0,90
pdc,2.00,0,91
pdc,2.00,0,93
pdc,2.00,0,95
pdc,2.00,0,97
pdc,2.00,0,98
pdc,2.00,0,99
pdc,2.00,0,100
pdc,2.00,0,103
pdc,2.00,0,104
pdc,2.00,0,106
pdc,2.00,0,118
pdc,2.00,0,122
pdc,2.00,0,123
pdc,2.00,0,124
pdc,2.00,0,126
pdc,2.00,0,127
pdc,2.00,0,128
pdc,2.00,0,129
pdc,2.00,0,130
pdc,2.00,0,131
pdc,2.00,0,132
pdc,2.00,0,133
pdc,2.00,0,134
pdc,2.00,0,138
pdc,2.00,0,139
pdc,2.00,0,140
pdc,2.00,0,141
pdc,2.00,0,146
pdc,2.00,0,147
pdc,2.00,0,148
pdc,2.00,0,149
pdc,2.00,0,150
pdc,2.00,0,152
pdc,2.00,0,153
pdc,2.00,0,157
pdc,2.00,0,159
pdc,2.00,0,160
pdc,2.00,0,161
pdc,2.00,0,162
pdc,2.00,0,164
pdc,2.00,0,165
pdc,2.00,0,166
pdc,2.00,0,173
pdc,2.00,0,174
pdc,2.00,0,177
pdc,2.00,0,178
pdc,2.00,0,181
pdc,2.00,0,182
pdc,2.00,0,183
pdc,2.00,0,184
pdc,2.00,0,185
pdc,2.00,0,186
pdc,2.00,0,187
pdc,2.00,0,190
pdc,2.00,0,191
pdc,2.00,0,192
pdc,2.00,0,193
pdc,2.00,0,194
pdc,2.00,0,195
pdc,2.00,0,196
pdc,2.00,0,197
pdc,2.00,0,198
pdc,2.00,0,199
pdc,2.00,0,200
pdc,2.00,0,201
pdc,2.00,0,202
pdc,2.00,0,203
pdc,2.00,0,204
pdc,2.00,0,205
pdc,2.00,0,206
pdc,2.00,0,207
pdc,2.00,0,208
pdc,2.00,0,210
pdc,2.00,0,211
pdc,2.00,0,212
pdc,2.00,0,217
pdc,2.00,0,218
pdc,2.00,0,219
pdc,2.00,0,220
pdc,2.00,0,225
pdc,2.00,0,226
pdc,2.00,0,227
pdc,2.00,0,228
pdc,2.00,0,229
pdc,2.00,0,230
pdc,2.00,0,231
pdc,2.00,0,232
pdc,2.00,0,233
pdc,2.00,0,235
pdc,2.00,0,236
pdc,2.00,0,237
pdc,2.00,0,238
pdc,2.00,0,239
pdc,2.00,0,240
pdc,2.00,0,241
pdc,2.00,0,242
pdc,2.00,0,243
pdc,2.00,0,244
pdc,2.00,0,245
pdc,2.00,0,246
pdc,2.00,0,273
pdc,2.00,0,274
pdc,2.00,0,324
pdc,2.00,0,328
pdc,2.00,0,332
pdc,2.00,0,333
pdc,2.00,0,335
pdc,2.00,0,338
pdc,2.00,0,339
pdc,2.00,0,340
pdc,2.00,0,343
pdc,2.00,0,344
pdc,2.00,0,357
pdc,2.00,0,365
pdc,2.00,0,367
pdc,2.00,0,382
pdc,2.00,0,389
pdc,2.00,0,390
pdc,2.00,0,403
pdc,2.00,0,405
pdc,2.00,0,430
pdc,2.00,0,431
pdc,2.00,0,440
pdc,2.00,0,498
pdc,2.00,0,510
pdc,2.00,0,512
pdc,2.00,0,513
pdc,2.00,0,514
pdc,2.00,0,517
pdc,2.00,0,527
pdc,2.00,0,534
pdc,2.00,0,539
pdc,2.00,0,540
pdc,2.00,0,542
pdc,2.00,0,544
pdc,2.00,0,575
pdc,2.00,0,577
pdc,2.00,0,578
pdc,2.00,0,581
pdc,2.00,0,600
pdc,2.00,0,625
pdc,2.00,0,660
pdc,2.00,0,712
pdc,2.00,0,713
pdc,2.00,0,733
pdc,2.00,0,736
pdc,2.00,0,738
pdc,2.00,0,746
pdc,2.00,0,795
pdc,2.00,0,808
pdc,2.00,0,820
pdc,2.00,0,822
pdc,2.00,0,823
pdc,2.00,0,830
pdc,2.00,0,846
pdc,2.00,0,858
pdc,2.00,0,862
pdc,2.00,0,915
pdc,2.00,0,923
pdc,2.00,0,933
pdc,2.00,0,934
pdc,2.00,0,965
pdc,2.00,0,970
pdc,2.00,0,987
pdc,2.00,0,1003
pdc,2.00,0,1014
pdc,2.00,0,1019
pdc,2.00,0,1044
pdc,2.00,0,1057
pdc,2.00,0,1072
pdc,2.00,0,1077
pdc,2.00,0,1089
pdc,2.00,0,1118
pdc,2.00,0,1120
pdc,2.00,0,1142
pdc,2.00,0,1143
pdc,2.00,0,1154
pdc,2.00,0,1155
pdc,2.00,0,1201
pdc,2.00,0,1212
pdc,2.00,0,1221
pdc,2.00,0,1241
pdc,2.00,0,1242
pdc,2.00,0,1244
pdc,2.00,0,1259
pdc,2.00,0,1286
pdc,2.00,0,1321
pdc,2.00,0,1338
pdc,2.00,0,1343
pdc,2.00,0,1352
pdc,2.00,0,1358
pdc,2.00,0,1376
pdc,2.00,0,1379
pdc,2.00,0,1380
pdc,2.00,0,1386
pdc,2.00,0,1392
pdc,2.00,0,1398
pdc,2.00,0,1473
pdc,2.00,0,1475
pdc,2.00,0,1482
pdc,2.00,0,1486
pdc,2.00,0,1503
pdc,2.00,0,1512
pdc,2.00,0,1525
pdc,2.00,0,1533
pdc,2.00,0,1540
pdc,2.00,0,1542
pdc,2.00,0,1546
pdc,2.00,0,1548
pdc,2.00,0,1557
pdc,2.00,0,1559
pdc,2.00,0,1560
pdc,2.00,0,1567
pdc,2.00,0,1573
pdc,2.00,0,1577
pdc,2.00,0,1582
pdc,2.00,0,1586
pdc,2.00,0,1592
pdc,2.00,0,1608
pdc,2.00,0,1629
pdc,2.00,0,1645
pdc,2.00,0,1648
pdc,2.00,0,1651
pdc,2.00,0,1654
pdc,2.00,0,1676
pdc,2.00,0,1725
pdc,2.00,0,1728
pdc,2.00,0,1736
pdc,2.00,0,1741
pdc,2.00,0,1777
pdc,2.00,0,1820
pdc,2.00,0,1823
pdc,2.00,0,1843
pdc,2.00,0,1855
pdc,2.00,0,1860
pdc,2.00,0,1881
pdc,2.00,0,1882
pdc,2.00,0,1885
pdc,2.00,0,1886
pdc,2.00,0,1920
pdc,2.00,0,1980
pdc,2.00,0,1999
pdc,2.00,0,2009
pdc,2.00,0,2011
pdc,2.00,0,2018
pdc,2.00,0,2028
pdc,2.00,0,2031
pdc,2.00,0,2056
pdc,2.00,0,2088
pdc,2.00,0,2119
pdc,2.00,0,2124
pdc,2.00,0,2127
pdc,2.00,0,2160
pdc,2.00,0,2165
pdc,2.00,0,2213
pdc,2.00,0,2219
pdc,2.00,0,2220
pdc,2.00,0,2226
pdc,2.00,0,2229
pdc,2.00,0,2235
pdc,2.00,0,2236
pdc,2.00,0,2239
pdc,2.00,0,2259
pdc,2.00,0,2262
pdc,2.00,0,2272
pdc,2.00,0,2300
pdc,2.00,0,2309
pdc,2.00,0,2332
pdc,2.00,0,2338
pdc,2.00,0,2339
pdc,2.00,0,2383
pdc,2.00,0,2413
pdc,2.00,0,2438
pdc,2.00,0,2442
pdc,2.00,0,2443
pdc,2.00,0,2463
pdc,2.00,0,2473
pdc,2.00,0,2475
pdc,2.00,0,2496
pdc,2.00,0,2512
pdc,2.00,0,2527
pdc,2.00,0,2530
pdc,2.00,0,2585
pdc,2.00,0,2598
pdc,2.00,0,2600
pdc,2.00,0,2602
pdc,2.00,0,2644
pdc,2.00,0,2646
pdc,2.00,0,2653
pdc,2.00,0,2674
pdc,2.00,0,2686
pdc,2.00,0,2689
pdc,2.00,0,2711
pdc,2.00,0,2727
pdc,2.00,0,2730
pdc,2.00,0,2773
pdc,2.00,0,2802
pdc,2.00,0,2804
pdc,2.00,0,2806
pdc,2.00,0,2808
pdc,2.00,0,2809
pdc,2.00,0,2811
pdc,2.00,0,2822
pdc,2.00,0,2830
pdc,2.00,0,2835
pdc,2.00,0,2852
pdc,2.00,0,2865
pdc,2.00,0,2868
pdc,2.00,0,2884
pdc,2.00,0,2898
pdc,2.00,0,2902
pdc,2.00,0,2922
pdc,2.00,0,2945
pdc,2.00,0,2948
pdc,2.00,0,2976
pdc,2.00,0,2984
pdc,2.00,0,2998
pdc,2.00,0,3007
pdc,2.00,0,3010
pdc,2.00,0,3023
pdc,2.00,0,3024
pdc,2.00,0,3026
pdc,2.00,0,3062
pdc,2.00,0,3063
pdc,2.00,0,3065
pdc,2.00,0,3067
pdc,2.00,0,3079
pdc,2.00,0,3080
pdc,2.00,0,3105
pdc,2.00,0,3109
pdc,2.00,0,3117
pdc,2.00,0,3172
pdc,2.00,0,3175
pdc,2.00,0,3183
pdc,2.00,0,3217
pdc,2.00,0,3218
pdc,2.00,0,3220
pdc,2.00,0,3240
pdc,2.00,0,3254
pdc,2.00,0,3255
pdc,2.00,0,3285
pdc,2.00,0,3333
pdc,2.00,0,3341
pdc,2.00,0,3371
pdc,2.00,0,3374
pdc,2.00,0,3375
pdc,2.00,0,3387
pdc,2.00,0,3392
pdc,2.00,0,3400
pdc,2.00,0,3410
pdc,2.00,0,3413
pdc,2.00,0,3436
pdc,2.00,0,3446
pdc,2.00,0,3450
pdc,2.00,0,3494
pdc,2.00,0,3498
pdc,2.00,0,3502
pdc,2.00,0,3503
pdc,2.00,0,3525
pdc,2.00,0,3535
pdc,2.00,0,3545
pdc,2.00,0,3559
pdc,2.00,0,3578
pdc,2.00,0,3579
pdc,2.00,0,3581
pdc,2.00,0,3607
pdc,2.00,0,3611
pdc,2.00,0,3612
pdc,2.00,0,3625
pdc,2.00,0,3628
pdc,2.00,0,3631
pdc,2.00,0,3632
pdc,2.00,0,3643
pdc,2.00,0,3644
pdc,2.00,0,3657
pdc,2.00,0,3662
pdc,2.00,0,3664
pdc,2.00,0,3666
pdc,2.00,0,3683
pdc,2.00,0,3692
pdc,2.00,0,3695
pdc,2.00,0,3698
pdc,2.00,0,3709
pdc,2.00,0,3711
pdc,2.00,0,3724
pdc,2.00,0,3744
pdc,2.00,0,3750
pdc,2.00,0,3753
pdc,2.00,0,3754
pdc,2.00,0,3772
pdc,2.00,0,3784
pdc,2.00,0,3822
pdc,2.00,0,3842
pdc,2.00,0,3848
pdc,2.00,0,3850
pdc,2.00,0,3852
pdc,2.00,0,3854
pdc,2.00,0,3878
pdc,2.00,0,3907
pdc,2.00,0,3908
pdc,2.00,0,3914
pdc,2.00,0,3927
pdc,2.00,0,3930
pdc,2.00,0,3981
pdc,2.00,0,4006
pdc,2.00,0,4007
pdc,2.00,0,4056
pdc,2.00,0,4058
pdc,2.00,0,4068
pdc,2.00,0,4084
pdc,2.00,0,4096
pdc,2.00,0,4101
pdc,2.00,0,4102
pdc,2.00,0,4174
pdc,2.00,0,4196
pdc,2.00,0,4208
pdc,2.00,0,4234
pdc,2.00,0,4267
pdc,2.00,0,4273
pdc,2.00,0,4281
pdc,2.00,0,4310
pdc,2.00,0,4355
pdc,2.00,0,4356
pdc,2.00,0,4357
pdc,2.00,0,4362
pdc,2.00,0,4366
pdc,2.00,0,4382
pdc,2.00,0,4385
pdc,2.00,0,4386
pdc,2.00,0,4395
pdc,2.00,0,4403
pdc,2.00,0,4415
pdc,2.00,0,4441
pdc,2.00,0,4448
pdc,2.00,0,4466
pdc,2.00,0,4468
pdc,2.00,0,4477
pdc,2.00,0,4478
pdc,2.00,0,4486
pdc,2.00,0,4501
pdc,2.00,0,4513
pdc,2.00,0,4517
pdc,2.00,0,4525
pdc,2.00,0,4527
pdc,2.00,0,4533
pdc,2.00,0,4546
pdc,2.00,0,4582
pdc,2.00,0,4611
pdc,2.00,0,4614
pdc,2.00,0,4702
pdc,2.00,0,4708
pdc,2.00,0,4709
pdc,2.00,0,4723
pdc,2.00,0,4724
pdc,2.00,0,4744
pdc,2.00,0,4765
pdc,2.00,0,4767
pdc,2.00,0,4786
pdc,2.00,0,4790
pdc,2.00,0,4824
pdc,2.00,0,4832
pdc,2.00,0,4836
pdc,2.00,0,4841
pdc,2.00,0,4843
pdc,2.00,0,4853
pdc,2.00,0,4907
pdc,2.00,0,4909
pdc,2.00,0,4910
pdc,2.00,0,4946
pdc,2.00,0,4967
pdc,2.00,0,4973
pdc,2.00,0,4981
pdc,2.00,0,5198
pdc,2.00,0,5203
pdc,2.00,0,5261
pdc,2.00,0,5357
pdc,2.00,0,5363
pdc,2.00,0,5368
pdc,2.00,0,5380
pdc,2.00,0,5388
pdc,2.00,0,5393
pdc,2.00,0,5394
pdc,2.00,0,5399
pdc,2.00,0,5401
pdc,2.00,0,5414
pdc,2.00,0,5417
pdc,2.00,0,5419
pdc,2.00,0,5465
pdc,2.00,0,5466
pdc,2.00,0,5467
pdc,2.00,0,5477
pdc,2.00,0,5482
